Client	Domain	Ahrefs Account	Country
Energy Resourcing	energyresourcing.com	energy@talentheromedia.com	AU
Energy Resourcing	energyresourcing.com	energy@talentheromedia.com	CA
Energy Resourcing	energyresourcing.com	energy@talentheromedia.com	DE
Energy Resourcing	energyresourcing.com	energy@talentheromedia.com	NL
Energy Resourcing	energyresourcing.com	energy@talentheromedia.com	SG
Energy Resourcing	energyresourcing.com	energy@talentheromedia.com	SE
Energy Resourcing	energyresourcing.com	energy@talentheromedia.com	GB
Energy Resourcing	energyresourcing.com	energy@talentheromedia.com	US
Archipro	archipro.com		US
Vetted	getvettednow.com		US
180 Engineering	180engineering.com	zack@lucidwebgroup.com	US
Bemana	bemana.us	zack@lucidwebgroup.com	US
Bristol Associates	bristolassoc.com	zack@lucidwebgroup.com	US
CalTek Staffing	caltekstaffing.com	zack@lucidwebgroup.com	US
The Energists	energists.com	zack@lucidwebgroup.com	US
Lock Search Group	locksearchgroup.com	zack@lucidwebgroup.com	CA
Mangrum Career Solutions	mangrumcareersolutions.com	zack@lucidwebgroup.com	US
Nexus IT Group	nexusitgroup.com	zack@lucidwebgroup.com	US
Pender & Howe	penderhowe.com	zack@lucidwebgroup.com	CA
Pender & Howe	penderhowe.com	zack@lucidwebgroup.com	US
Quantum	quantumlifecycle.com	zack@lucidwebgroup.com	US
Redfish	redfishtech.com	zack@lucidwebgroup.com	US
Summit Search Group	summitsearchgroup.com	zack@lucidwebgroup.com	CA
Surf Search	surfsearch.org	zack@lucidwebgroup.com	US
