Keyword,Rank_2023-01-15,Rank_2023-02-10,Rank_2023-02-20,Rank_2023-03-10,Location,URL,Volume,Tags
chemical executive recruiter,5,10,15,30,Australia,,,Chemical
chemical executive recruiter,5,10,15,30,Canada,,,Chemical
chemical executive recruiter,5,10,15,30,Germany,,,Chemical
chemical executive recruiter,5,10,15,30,Netherlands,,,Chemical
chemical executive recruiter,5,10,15,30,Singapore,,,Chemical
chemical executive recruiter,5,10,15,30,Sweden,,,Chemical
chemical executive recruiter,5,10,15,30,United Kingdom,,,Chemical
chemical executive recruiter,5,10,15,30,United States,,,Chemical
chemical executive search,5,10,15,30,Australia,,,Chemical
chemical executive search,5,10,15,30,Canada,,0–10,Chemical
chemical executive search,5,10,15,30,Germany,,10,Chemical
chemical executive search,5,10,15,30,Netherlands,,,Chemical
chemical executive search,5,10,15,30,Singapore,,,Chemical
chemical executive search,5,10,15,30,Sweden,,,Chemical
chemical executive search,5,10,15,30,United Kingdom,,0–10,Chemical
chemical executive search,5,10,15,30,United States,,10,Chemical
chemical headhunter,5,10,15,30,Australia,,,Chemical
chemical headhunter,5,10,15,30,Canada,,,Chemical
chemical headhunter,5,10,15,30,Germany,,,Chemical
chemical headhunter,5,10,15,30,Netherlands,,,Chemical
chemical headhunter,5,10,15,30,Singapore,https://energyresourcing.com/blog/7-advantages-using-recruitment-agency,,Chemical
chemical headhunter,5,10,15,30,Sweden,,,Chemical
chemical headhunter,5,10,15,30,United Kingdom,,,Chemical
chemical headhunter,5,10,15,30,United States,,0–10,Chemical
chemical recruiter,5,10,15,30,Australia,https://energyresourcing.com/blog/what-a-recruiter-does,0–10,Chemical
chemical recruiter,5,10,15,30,Canada,https://energyresourcing.com/industry/chemicals,,Chemical
chemical recruiter,5,10,15,30,Germany,https://energyresourcing.com/industry/chemicals,0–10,Chemical
chemical recruiter,5,10,15,30,Netherlands,https://energyresourcing.com/industry/chemicals,0–10,Chemical
chemical recruiter,5,10,15,30,Singapore,https://energyresourcing.com/industry/chemicals,,Chemical
chemical recruiter,5,10,15,30,Sweden,https://energyresourcing.com/industry/chemicals,,Chemical
chemical recruiter,5,10,15,30,United Kingdom,https://energyresourcing.com/blog/what-a-recruiter-does,0–10,Chemical
chemical recruiter,5,10,15,30,United States,https://energyresourcing.com/industry/chemicals,0–10,Chemical
chemical recruiting,5,10,15,30,Australia,https://energyresourcing.com/industry/chemicals,,Chemical
chemical recruiting,5,10,15,30,Canada,https://energyresourcing.com/industry/chemicals,,Chemical
chemical recruiting,5,10,15,30,Germany,https://energyresourcing.com/industry/chemicals,,Chemical
chemical recruiting,5,10,15,30,Netherlands,https://energyresourcing.com/industry/chemicals,,Chemical
chemical recruiting,5,10,15,30,Singapore,https://energyresourcing.com/industry/chemicals,,Chemical
chemical recruiting,5,10,15,30,Sweden,https://energyresourcing.com/industry/chemicals,,Chemical
chemical recruiting,5,10,15,30,United Kingdom,https://energyresourcing.com/industry/chemicals,,Chemical
chemical recruiting,5,10,15,30,United States,https://energyresourcing.com/industry/chemicals,10,Chemical
chemical recruiting agency,5,10,15,30,Australia,https://energyresourcing.com/blog/7-advantages-using-recruitment-agency,,Chemical
chemical recruiting agency,5,10,15,30,Canada,https://energyresourcing.com/blog/7-advantages-using-recruitment-agency,,Chemical
chemical recruiting agency,5,10,15,30,Germany,https://energyresourcing.com/,,Chemical
chemical recruiting agency,5,10,15,30,Netherlands,https://energyresourcing.com/blog/7-advantages-using-recruitment-agency,,Chemical
chemical recruiting agency,5,10,15,30,Singapore,https://energyresourcing.com/blog/7-advantages-using-recruitment-agency,,Chemical
chemical recruiting agency,5,10,15,30,Sweden,https://energyresourcing.com/,,Chemical
chemical recruiting agency,5,10,15,30,United Kingdom,https://energyresourcing.com/blog/7-advantages-using-recruitment-agency,,Chemical
chemical recruiting agency,5,10,15,30,United States,https://energyresourcing.com/blog/7-advantages-using-recruitment-agency,,Chemical
chemical recruitment,5,10,15,30,Australia,,10,Chemical
chemical recruitment,5,10,15,30,Canada,,0–10,Chemical
chemical recruitment,5,10,15,30,Germany,,0–10,Chemical
chemical recruitment,5,10,15,30,Netherlands,,,Chemical
chemical recruitment,5,10,15,30,Singapore,,,Chemical
chemical recruitment,5,10,15,30,Sweden,,,Chemical
chemical recruitment,5,10,15,30,United Kingdom,,20,Chemical
chemical recruitment,5,10,15,30,United States,,30,Chemical
chemical recruitment agency,5,10,15,30,Australia,https://energyresourcing.com/blog/7-advantages-using-recruitment-agency,,Chemical
chemical recruitment agency,5,10,15,30,Canada,https://energyresourcing.com/blog/7-advantages-using-recruitment-agency,,Chemical
chemical recruitment agency,5,10,15,30,Germany,,,Chemical
chemical recruitment agency,5,10,15,30,Netherlands,,,Chemical
chemical recruitment agency,5,10,15,30,Singapore,https://energyresourcing.com/blog/7-advantages-using-recruitment-agency,,Chemical
chemical recruitment agency,5,10,15,30,Sweden,,,Chemical
chemical recruitment agency,5,10,15,30,United Kingdom,,,Chemical
chemical recruitment agency,5,10,15,30,United States,https://energyresourcing.com/blog/7-advantages-using-recruitment-agency,,Chemical
construction executive recruiter,5,10,15,30,Australia,,0–10,Construction
construction executive recruiter,5,10,15,30,Canada,,0–10,Construction
construction executive recruiter,5,10,15,30,Germany,,0–10,Construction
construction executive recruiter,5,10,15,30,Netherlands,,,Construction
construction executive recruiter,5,10,15,30,Singapore,,,Construction
construction executive recruiter,5,10,15,30,Sweden,,,Construction
construction executive recruiter,5,10,15,30,United Kingdom,,0–10,Construction
construction executive recruiter,5,10,15,30,United States,,70,Construction
construction executive search,5,10,15,30,Australia,,0–10,Construction
construction executive search,5,10,15,30,Canada,,0–10,Construction
construction executive search,5,10,15,30,Germany,,0–10,Construction
construction executive search,5,10,15,30,Netherlands,,0–10,Construction
construction executive search,5,10,15,30,Singapore,,0–10,Construction
construction executive search,5,10,15,30,Sweden,,0–10,Construction
construction executive search,5,10,15,30,United Kingdom,,10,Construction
construction executive search,5,10,15,30,United States,,10,Construction
construction headhunter,5,10,15,30,Australia,,10,Construction
construction headhunter,5,10,15,30,Canada,,0–10,Construction
construction headhunter,5,10,15,30,Germany,,,Construction
construction headhunter,5,10,15,30,Netherlands,,,Construction
construction headhunter,5,10,15,30,Singapore,https://energyresourcing.com/industry/construction,,Construction
construction headhunter,5,10,15,30,Sweden,,0–10,Construction
construction headhunter,5,10,15,30,United Kingdom,,0–10,Construction
construction headhunter,5,10,15,30,United States,,200,Construction
construction recruiter,5,10,15,30,Australia,https://energyresourcing.com/blog/what-a-recruiter-does,350,Construction
construction recruiter,5,10,15,30,Canada,https://energyresourcing.com/blog/what-a-recruiter-does,90,Construction
construction recruiter,5,10,15,30,Germany,,10,Construction
construction recruiter,5,10,15,30,Netherlands,,0–10,Construction
construction recruiter,5,10,15,30,Singapore,https://energyresourcing.com/blog/what-a-recruiter-does,0–10,Construction
construction recruiter,5,10,15,30,Sweden,,0–10,Construction
construction recruiter,5,10,15,30,United Kingdom,https://energyresourcing.com/blog/what-a-recruiter-does,40,Construction
construction recruiter,5,10,15,30,United States,,500,Construction
construction recruiting,5,10,15,30,Australia,,0–10,Construction
construction recruiting,5,10,15,30,Canada,,90,Construction
construction recruiting,5,10,15,30,Germany,,0–10,Construction
construction recruiting,5,10,15,30,Netherlands,,0–10,Construction
construction recruiting,5,10,15,30,Singapore,,0–10,Construction
construction recruiting,5,10,15,30,Sweden,,0–10,Construction
construction recruiting,5,10,15,30,United Kingdom,,10,Construction
construction recruiting,5,10,15,30,United States,,500,Construction
construction recruiting agency,5,10,15,30,Australia,,,Construction
construction recruiting agency,5,10,15,30,Canada,,,Construction
construction recruiting agency,5,10,15,30,Germany,,,Construction
construction recruiting agency,5,10,15,30,Netherlands,,,Construction
construction recruiting agency,5,10,15,30,Singapore,,,Construction
construction recruiting agency,5,10,15,30,Sweden,,,Construction
construction recruiting agency,5,10,15,30,United Kingdom,,,Construction
construction recruiting agency,5,10,15,30,United States,,0–10,Construction
construction recruitment,5,10,15,30,Australia,,350,Construction
construction recruitment,5,10,15,30,Canada,,90,Construction
construction recruitment,5,10,15,30,Germany,,10,Construction
construction recruitment,5,10,15,30,Netherlands,,10,Construction
construction recruitment,5,10,15,30,Singapore,,10,Construction
construction recruitment,5,10,15,30,Sweden,,0–10,Construction
construction recruitment,5,10,15,30,United Kingdom,,1000,Construction
construction recruitment,5,10,15,30,United States,,600,Construction
construction recruitment agency,5,10,15,30,Australia,,100,Construction
construction recruitment agency,5,10,15,30,Canada,,70,Construction
construction recruitment agency,5,10,15,30,Germany,,10,Construction
construction recruitment agency,5,10,15,30,Netherlands,,10,Construction
construction recruitment agency,5,10,15,30,Singapore,,0–10,Construction
construction recruitment agency,5,10,15,30,Sweden,,0–10,Construction
construction recruitment agency,5,10,15,30,United Kingdom,,350,Construction
construction recruitment agency,5,10,15,30,United States,,80,Construction
energy executive recruiter,5,10,15,30,Australia,https://energyresourcing.com/,,Energy
energy executive recruiter,5,10,15,30,Canada,https://energyresourcing.com/,,Energy
energy executive recruiter,5,10,15,30,Germany,https://energyresourcing.com/,,Energy
energy executive recruiter,5,10,15,30,Netherlands,https://energyresourcing.com/,,Energy
energy executive recruiter,5,10,15,30,Singapore,https://energyresourcing.com/,,Energy
energy executive recruiter,5,10,15,30,Sweden,https://energyresourcing.com/,,Energy
energy executive recruiter,5,10,15,30,United Kingdom,https://energyresourcing.com/,10,Energy
energy executive recruiter,5,10,15,30,United States,https://energyresourcing.com/,,Energy
energy executive search,5,10,15,30,Australia,https://energyresourcing.com/,0–10,Energy
energy executive search,5,10,15,30,Canada,,,Energy
energy executive search,5,10,15,30,Germany,,0–10,Energy
energy executive search,5,10,15,30,Netherlands,,10,Energy
energy executive search,5,10,15,30,Singapore,https://energyresourcing.com/,0–10,Energy
energy executive search,5,10,15,30,Sweden,,0–10,Energy
energy executive search,5,10,15,30,United Kingdom,,10,Energy
energy executive search,5,10,15,30,United States,,80,Energy
energy headhunter,5,10,15,30,Australia,https://energyresourcing.com/,0–10,Energy
energy headhunter,5,10,15,30,Canada,https://energyresourcing.com/,,Energy
energy headhunter,5,10,15,30,Germany,https://energyresourcing.com/,0–10,Energy
energy headhunter,5,10,15,30,Netherlands,https://energyresourcing.com/,,Energy
energy headhunter,5,10,15,30,Singapore,https://energyresourcing.com/,,Energy
energy headhunter,5,10,15,30,Sweden,https://energyresourcing.com/,,Energy
energy headhunter,5,10,15,30,United Kingdom,https://energyresourcing.com/,0–10,Energy
energy headhunter,5,10,15,30,United States,https://energyresourcing.com/,30,Energy
energy recruiter,5,10,15,30,Australia,https://energyresourcing.com/,0–10,Energy
energy recruiter,5,10,15,30,Canada,https://energyresourcing.com/,10,Energy
energy recruiter,5,10,15,30,Germany,https://energyresourcing.com/,0–10,Energy
energy recruiter,5,10,15,30,Netherlands,https://energyresourcing.com/,0–10,Energy
energy recruiter,5,10,15,30,Singapore,https://energyresourcing.com/,0–10,Energy
energy recruiter,5,10,15,30,Sweden,https://energyresourcing.com/,0–10,Energy
energy recruiter,5,10,15,30,United Kingdom,https://energyresourcing.com/,100,Energy
energy recruiter,5,10,15,30,United States,https://energyresourcing.com/,250,Energy
energy recruiting,5,10,15,30,Australia,https://energyresourcing.com/,0–10,Energy
energy recruiting,5,10,15,30,Canada,https://energyresourcing.com/,10,Energy
energy recruiting,5,10,15,30,Germany,https://energyresourcing.com/,0–10,Energy
energy recruiting,5,10,15,30,Netherlands,https://energyresourcing.com/,,Energy
energy recruiting,5,10,15,30,Singapore,https://energyresourcing.com/,0–10,Energy
energy recruiting,5,10,15,30,Sweden,https://energyresourcing.com/,0–10,Energy
energy recruiting,5,10,15,30,United Kingdom,https://energyresourcing.com/,100,Energy
energy recruiting,5,10,15,30,United States,https://energyresourcing.com/,250,Energy
energy recruiting agency,5,10,15,30,Australia,https://energyresourcing.com/,,Energy
energy recruiting agency,5,10,15,30,Canada,https://energyresourcing.com/,0–10,Energy
energy recruiting agency,5,10,15,30,Germany,https://energyresourcing.com/,,Energy
energy recruiting agency,5,10,15,30,Netherlands,https://energyresourcing.com/,,Energy
energy recruiting agency,5,10,15,30,Singapore,https://energyresourcing.com/,,Energy
energy recruiting agency,5,10,15,30,Sweden,https://energyresourcing.com/,0–10,Energy
energy recruiting agency,5,10,15,30,United Kingdom,https://energyresourcing.com/,0–10,Energy
energy recruiting agency,5,10,15,30,United States,https://energyresourcing.com/,0–10,Energy
energy recruitment,5,10,15,30,Australia,https://energyresourcing.com/,40,Energy
energy recruitment,5,10,15,30,Canada,https://energyresourcing.com/,10,Energy
energy recruitment,5,10,15,30,Germany,https://energyresourcing.com/,10,Energy
energy recruitment,5,10,15,30,Netherlands,https://energyresourcing.com/,0–10,Energy
energy recruitment,5,10,15,30,Singapore,https://energyresourcing.com/,10,Energy
energy recruitment,5,10,15,30,Sweden,https://energyresourcing.com/,0–10,Energy
energy recruitment,5,10,15,30,United Kingdom,https://energyresourcing.com/,100,Energy
energy recruitment,5,10,15,30,United States,https://energyresourcing.com/,50,Energy
energy recruitment agency,5,10,15,30,Australia,https://energyresourcing.com/,0–10,Energy
energy recruitment agency,5,10,15,30,Canada,https://energyresourcing.com/,10,Energy
energy recruitment agency,5,10,15,30,Germany,https://energyresourcing.com/,0–10,Energy
energy recruitment agency,5,10,15,30,Netherlands,https://energyresourcing.com/,0–10,Energy
energy recruitment agency,5,10,15,30,Singapore,https://energyresourcing.com/,0–10,Energy
energy recruitment agency,5,10,15,30,Sweden,https://energyresourcing.com/,0–10,Energy
energy recruitment agency,5,10,15,30,United Kingdom,https://energyresourcing.com/,150,Energy
energy recruitment agency,5,10,15,30,United States,https://energyresourcing.com/,10,Energy
mining executive recruiter,5,10,15,30,Australia,,,Mining
mining executive recruiter,5,10,15,30,Canada,,,Mining
mining executive recruiter,5,10,15,30,Germany,,,Mining
mining executive recruiter,5,10,15,30,Netherlands,,,Mining
mining executive recruiter,5,10,15,30,Singapore,,,Mining
mining executive recruiter,5,10,15,30,Sweden,,,Mining
mining executive recruiter,5,10,15,30,United Kingdom,,,Mining
mining executive recruiter,5,10,15,30,United States,,,Mining
mining executive search,5,10,15,30,Australia,,0–10,Mining
mining executive search,5,10,15,30,Canada,,10,Mining
mining executive search,5,10,15,30,Germany,,0–10,Mining
mining executive search,5,10,15,30,Netherlands,,0–10,Mining
mining executive search,5,10,15,30,Singapore,,,Mining
mining executive search,5,10,15,30,Sweden,,,Mining
mining executive search,5,10,15,30,United Kingdom,,10,Mining
mining executive search,5,10,15,30,United States,,10,Mining
mining headhunter,5,10,15,30,Australia,,,Mining
mining headhunter,5,10,15,30,Canada,https://energyresourcing.com/industry/mining,0–10,Mining
mining headhunter,5,10,15,30,Germany,https://energyresourcing.com/industry/mining,,Mining
mining headhunter,5,10,15,30,Netherlands,https://energyresourcing.com/industry/mining,,Mining
mining headhunter,5,10,15,30,Singapore,https://energyresourcing.com/industry/mining,,Mining
mining headhunter,5,10,15,30,Sweden,https://energyresourcing.com/industry/mining,,Mining
mining headhunter,5,10,15,30,United Kingdom,,,Mining
mining headhunter,5,10,15,30,United States,https://energyresourcing.com/industry/mining,,Mining
mining recruiter,5,10,15,30,Australia,,0–10,Mining
mining recruiter,5,10,15,30,Canada,,10,Mining
mining recruiter,5,10,15,30,Germany,,,Mining
mining recruiter,5,10,15,30,Netherlands,,,Mining
mining recruiter,5,10,15,30,Singapore,https://energyresourcing.com/industry/mining,,Mining
mining recruiter,5,10,15,30,Sweden,,,Mining
mining recruiter,5,10,15,30,United Kingdom,,0–10,Mining
mining recruiter,5,10,15,30,United States,,40,Mining
mining recruiting,5,10,15,30,Australia,,,Mining
mining recruiting,5,10,15,30,Canada,https://energyresourcing.com/industry/mining,,Mining
mining recruiting,5,10,15,30,Germany,https://energyresourcing.com/industry/mining,,Mining
mining recruiting,5,10,15,30,Netherlands,https://energyresourcing.com/industry/mining,,Mining
mining recruiting,5,10,15,30,Singapore,https://energyresourcing.com/industry/mining,,Mining
mining recruiting,5,10,15,30,Sweden,https://energyresourcing.com/industry/mining,,Mining
mining recruiting,5,10,15,30,United Kingdom,https://energyresourcing.com/industry/mining,10,Mining
mining recruiting,5,10,15,30,United States,https://energyresourcing.com/industry/mining,0–10,Mining
mining recruiting agency,5,10,15,30,Australia,,,Mining
mining recruiting agency,5,10,15,30,Canada,https://energyresourcing.com/,,Mining
mining recruiting agency,5,10,15,30,Germany,https://energyresourcing.com/,,Mining
mining recruiting agency,5,10,15,30,Netherlands,https://energyresourcing.com/,,Mining
mining recruiting agency,5,10,15,30,Singapore,https://energyresourcing.com/blog/7-advantages-using-recruitment-agency,,Mining
mining recruiting agency,5,10,15,30,Sweden,,,Mining
mining recruiting agency,5,10,15,30,United Kingdom,https://energyresourcing.com/,,Mining
mining recruiting agency,5,10,15,30,United States,https://energyresourcing.com/blog/7-advantages-using-recruitment-agency,,Mining
mining recruitment,5,10,15,30,Australia,,200,Mining
mining recruitment,5,10,15,30,Canada,,30,Mining
mining recruitment,5,10,15,30,Germany,,0–10,Mining
mining recruitment,5,10,15,30,Netherlands,,0–10,Mining
mining recruitment,5,10,15,30,Singapore,,0–10,Mining
mining recruitment,5,10,15,30,Sweden,,0–10,Mining
mining recruitment,5,10,15,30,United Kingdom,,30,Mining
mining recruitment,5,10,15,30,United States,,50,Mining
mining recruitment agency,5,10,15,30,Australia,,400,Mining
mining recruitment agency,5,10,15,30,Canada,https://energyresourcing.com/,0–10,Mining
mining recruitment agency,5,10,15,30,Germany,,0–10,Mining
mining recruitment agency,5,10,15,30,Netherlands,,0–10,Mining
mining recruitment agency,5,10,15,30,Singapore,https://energyresourcing.com/blog/7-advantages-using-recruitment-agency,,Mining
mining recruitment agency,5,10,15,30,Sweden,,0–10,Mining
mining recruitment agency,5,10,15,30,United Kingdom,,0–10,Mining
mining recruitment agency,5,10,15,30,United States,https://energyresourcing.com/blog/7-advantages-using-recruitment-agency,20,Mining
oil and gas executive recruiter,5,10,15,30,Australia,https://energyresourcing.com/,,Oil and Gas
oil and gas executive recruiter,5,10,15,30,Canada,https://energyresourcing.com/,,Oil and Gas
oil and gas executive recruiter,5,10,15,30,Germany,https://energyresourcing.com/,,Oil and Gas
oil and gas executive recruiter,5,10,15,30,Netherlands,https://energyresourcing.com/,,Oil and Gas
oil and gas executive recruiter,5,10,15,30,Singapore,https://energyresourcing.com/,,Oil and Gas
oil and gas executive recruiter,5,10,15,30,Sweden,https://energyresourcing.com/,,Oil and Gas
oil and gas executive recruiter,5,10,15,30,United Kingdom,https://energyresourcing.com/,,Oil and Gas
oil and gas executive recruiter,5,10,15,30,United States,,,Oil and Gas
oil and gas executive search,5,10,15,30,Australia,,0–10,Oil and Gas
oil and gas executive search,5,10,15,30,Canada,,10,Oil and Gas
oil and gas executive search,5,10,15,30,Germany,,0–10,Oil and Gas
oil and gas executive search,5,10,15,30,Netherlands,,0–10,Oil and Gas
oil and gas executive search,5,10,15,30,Singapore,,0–10,Oil and Gas
oil and gas executive search,5,10,15,30,Sweden,,,Oil and Gas
oil and gas executive search,5,10,15,30,United Kingdom,,10,Oil and Gas
oil and gas executive search,5,10,15,30,United States,,60,Oil and Gas
oil and gas headhunter,5,10,15,30,Australia,https://energyresourcing.com/industry/oil-gas,10,Oil and Gas
oil and gas headhunter,5,10,15,30,Canada,https://energyresourcing.com/industry/oil-gas,0–10,Oil and Gas
oil and gas headhunter,5,10,15,30,Germany,https://energyresourcing.com/industry/oil-gas,0–10,Oil and Gas
oil and gas headhunter,5,10,15,30,Netherlands,https://energyresourcing.com/industry/oil-gas,,Oil and Gas
oil and gas headhunter,5,10,15,30,Singapore,https://energyresourcing.com/industry/oil-gas,,Oil and Gas
oil and gas headhunter,5,10,15,30,Sweden,https://energyresourcing.com/industry/oil-gas,0–10,Oil and Gas
oil and gas headhunter,5,10,15,30,United Kingdom,https://energyresourcing.com/industry/oil-gas,0–10,Oil and Gas
oil and gas headhunter,5,10,15,30,United States,https://energyresourcing.com/industry/oil-gas,90,Oil and Gas
oil and gas recruiter,5,10,15,30,Australia,https://energyresourcing.com/,30,Oil and Gas
oil and gas recruiter,5,10,15,30,Canada,https://energyresourcing.com/,10,Oil and Gas
oil and gas recruiter,5,10,15,30,Germany,https://energyresourcing.com/industry/oil-gas,10,Oil and Gas
oil and gas recruiter,5,10,15,30,Netherlands,https://energyresourcing.com/industry/oil-gas,10,Oil and Gas
oil and gas recruiter,5,10,15,30,Singapore,https://energyresourcing.com/,10,Oil and Gas
oil and gas recruiter,5,10,15,30,Sweden,https://energyresourcing.com/industry/oil-gas,0–10,Oil and Gas
oil and gas recruiter,5,10,15,30,United Kingdom,https://energyresourcing.com/industry/oil-gas,150,Oil and Gas
oil and gas recruiter,5,10,15,30,United States,https://energyresourcing.com/,400,Oil and Gas
oil and gas recruiting,5,10,15,30,Australia,https://energyresourcing.com/industry/oil-gas,0–10,Oil and Gas
oil and gas recruiting,5,10,15,30,Canada,https://energyresourcing.com/industry/oil-gas,10,Oil and Gas
oil and gas recruiting,5,10,15,30,Germany,https://energyresourcing.com/industry/oil-gas,0–10,Oil and Gas
oil and gas recruiting,5,10,15,30,Netherlands,https://energyresourcing.com/industry/oil-gas,0–10,Oil and Gas
oil and gas recruiting,5,10,15,30,Singapore,https://energyresourcing.com/industry/oil-gas,0–10,Oil and Gas
oil and gas recruiting,5,10,15,30,Sweden,https://energyresourcing.com/industry/oil-gas,0–10,Oil and Gas
oil and gas recruiting,5,10,15,30,United Kingdom,https://energyresourcing.com/industry/oil-gas,150,Oil and Gas
oil and gas recruiting,5,10,15,30,United States,https://energyresourcing.com/industry/oil-gas,400,Oil and Gas
oil and gas recruiting agency,5,10,15,30,Australia,https://energyresourcing.com/,,Oil and Gas
oil and gas recruiting agency,5,10,15,30,Canada,https://energyresourcing.com/,0–10,Oil and Gas
oil and gas recruiting agency,5,10,15,30,Germany,https://energyresourcing.com/blog/oil-and-gas-recruitment-agency,,Oil and Gas
oil and gas recruiting agency,5,10,15,30,Netherlands,https://energyresourcing.com/blog/oil-and-gas-recruitment-agency,,Oil and Gas
oil and gas recruiting agency,5,10,15,30,Singapore,https://energyresourcing.com/,0–10,Oil and Gas
oil and gas recruiting agency,5,10,15,30,Sweden,https://energyresourcing.com/,0–10,Oil and Gas
oil and gas recruiting agency,5,10,15,30,United Kingdom,https://energyresourcing.com/,10,Oil and Gas
oil and gas recruiting agency,5,10,15,30,United States,https://energyresourcing.com/,200,Oil and Gas
oil and gas recruitment,5,10,15,30,Australia,https://energyresourcing.com/blog/oil-and-gas-recruitment-agency,30,Oil and Gas
oil and gas recruitment,5,10,15,30,Canada,https://energyresourcing.com/blog/oil-and-gas-recruitment-agency,20,Oil and Gas
oil and gas recruitment,5,10,15,30,Germany,https://energyresourcing.com/blog/prepare-for-your-next-oil-and-gas-job,0–10,Oil and Gas
oil and gas recruitment,5,10,15,30,Netherlands,https://energyresourcing.com/blog/prepare-for-your-next-oil-and-gas-job,10,Oil and Gas
oil and gas recruitment,5,10,15,30,Singapore,https://energyresourcing.com/blog/oil-and-gas-recruitment-agency,10,Oil and Gas
oil and gas recruitment,5,10,15,30,Sweden,https://energyresourcing.com/industry/oil-gas,0–10,Oil and Gas
oil and gas recruitment,5,10,15,30,United Kingdom,https://energyresourcing.com/blog/oil-and-gas-recruitment-agency,150,Oil and Gas
oil and gas recruitment,5,10,15,30,United States,https://energyresourcing.com/blog/oil-and-gas-recruitment-agency,300,Oil and Gas
oil and gas recruitment agency,5,10,15,30,Australia,https://energyresourcing.com/industry/oil-gas,0–10,Oil and Gas
oil and gas recruitment agency,5,10,15,30,Canada,https://energyresourcing.com/,30,Oil and Gas
oil and gas recruitment agency,5,10,15,30,Germany,https://energyresourcing.com/blog/oil-and-gas-recruitment-agency,10,Oil and Gas
oil and gas recruitment agency,5,10,15,30,Netherlands,https://energyresourcing.com/blog/oil-and-gas-recruitment-agency,0–10,Oil and Gas
oil and gas recruitment agency,5,10,15,30,Singapore,https://energyresourcing.com/industry/oil-gas,0–10,Oil and Gas
oil and gas recruitment agency,5,10,15,30,Sweden,https://energyresourcing.com/blog/oil-and-gas-recruitment-agency,0–10,Oil and Gas
oil and gas recruitment agency,5,10,15,30,United Kingdom,https://energyresourcing.com/,200,Oil and Gas
oil and gas recruitment agency,5,10,15,30,United States,https://energyresourcing.com/,200,Oil and Gas
power executive recruiter,5,10,15,30,Australia,,,Power
power executive recruiter,5,10,15,30,Canada,,,Power
power executive recruiter,5,10,15,30,Germany,,,Power
power executive recruiter,5,10,15,30,Netherlands,,,Power
power executive recruiter,5,10,15,30,Singapore,,,Power
power executive recruiter,5,10,15,30,Sweden,,,Power
power executive recruiter,5,10,15,30,United Kingdom,,,Power
power executive recruiter,5,10,15,30,United States,,,Power
power executive search,5,10,15,30,Australia,,,Power
power executive search,5,10,15,30,Canada,,0–10,Power
power executive search,5,10,15,30,Germany,,0–10,Power
power executive search,5,10,15,30,Netherlands,,,Power
power executive search,5,10,15,30,Singapore,,,Power
power executive search,5,10,15,30,Sweden,,,Power
power executive search,5,10,15,30,United Kingdom,,0–10,Power
power executive search,5,10,15,30,United States,,0–10,Power
power headhunter,5,10,15,30,Australia,https://energyresourcing.com/,,Power
power headhunter,5,10,15,30,Canada,https://energyresourcing.com/,,Power
power headhunter,5,10,15,30,Germany,https://energyresourcing.com/,,Power
power headhunter,5,10,15,30,Netherlands,https://energyresourcing.com/,,Power
power headhunter,5,10,15,30,Singapore,https://energyresourcing.com/,,Power
power headhunter,5,10,15,30,Sweden,https://energyresourcing.com/,,Power
power headhunter,5,10,15,30,United Kingdom,https://energyresourcing.com/,,Power
power headhunter,5,10,15,30,United States,https://energyresourcing.com/,,Power
power recruiter,5,10,15,30,Australia,https://energyresourcing.com/,0–10,Power
power recruiter,5,10,15,30,Canada,https://energyresourcing.com/blog/what-a-recruiter-does,0–10,Power
power recruiter,5,10,15,30,Germany,https://energyresourcing.com/blog/what-a-recruiter-does,0–10,Power
power recruiter,5,10,15,30,Netherlands,https://energyresourcing.com/blog/what-a-recruiter-does,0–10,Power
power recruiter,5,10,15,30,Singapore,https://energyresourcing.com/blog/what-a-recruiter-does,0–10,Power
power recruiter,5,10,15,30,Sweden,https://energyresourcing.com/blog/what-a-recruiter-does,0–10,Power
power recruiter,5,10,15,30,United Kingdom,https://energyresourcing.com/blog/what-a-recruiter-does,0–10,Power
power recruiter,5,10,15,30,United States,https://energyresourcing.com/,200,Power
power recruiting,5,10,15,30,Australia,https://energyresourcing.com/,0–10,Power
power recruiting,5,10,15,30,Canada,https://energyresourcing.com/blog/7-advantages-using-recruitment-agency,,Power
power recruiting,5,10,15,30,Germany,https://energyresourcing.com/,0–10,Power
power recruiting,5,10,15,30,Netherlands,https://energyresourcing.com/,,Power
power recruiting,5,10,15,30,Singapore,https://energyresourcing.com/,,Power
power recruiting,5,10,15,30,Sweden,https://energyresourcing.com/,,Power
power recruiting,5,10,15,30,United Kingdom,https://energyresourcing.com/,10,Power
power recruiting,5,10,15,30,United States,https://energyresourcing.com/,0–10,Power
power recruiting agency,5,10,15,30,Australia,https://energyresourcing.com/,,Power
power recruiting agency,5,10,15,30,Canada,https://energyresourcing.com/,,Power
power recruiting agency,5,10,15,30,Germany,https://energyresourcing.com/,,Power
power recruiting agency,5,10,15,30,Netherlands,https://energyresourcing.com/,,Power
power recruiting agency,5,10,15,30,Singapore,https://energyresourcing.com/,,Power
power recruiting agency,5,10,15,30,Sweden,https://energyresourcing.com/,,Power
power recruiting agency,5,10,15,30,United Kingdom,https://energyresourcing.com/,,Power
power recruiting agency,5,10,15,30,United States,https://energyresourcing.com/,,Power
power recruitment,5,10,15,30,Australia,,0–10,Power
power recruitment,5,10,15,30,Canada,https://energyresourcing.com/,0–10,Power
power recruitment,5,10,15,30,Germany,,0–10,Power
power recruitment,5,10,15,30,Netherlands,,10,Power
power recruitment,5,10,15,30,Singapore,https://energyresourcing.com/,0–10,Power
power recruitment,5,10,15,30,Sweden,,0–10,Power
power recruitment,5,10,15,30,United Kingdom,,20,Power
power recruitment,5,10,15,30,United States,,200,Power
power recruitment agency,5,10,15,30,Australia,https://energyresourcing.com/,0–10,Power
power recruitment agency,5,10,15,30,Canada,https://energyresourcing.com/,10,Power
power recruitment agency,5,10,15,30,Germany,https://energyresourcing.com/,0–10,Power
power recruitment agency,5,10,15,30,Netherlands,https://energyresourcing.com/,0–10,Power
power recruitment agency,5,10,15,30,Singapore,https://energyresourcing.com/,0–10,Power
power recruitment agency,5,10,15,30,Sweden,https://energyresourcing.com/,,Power
power recruitment agency,5,10,15,30,United Kingdom,https://energyresourcing.com/,20,Power
power recruitment agency,5,10,15,30,United States,https://energyresourcing.com/,10,Power
renewable energy executive recruiter,5,10,15,30,Australia,https://energyresourcing.com/,,Renewable Energy
renewable energy executive recruiter,5,10,15,30,Canada,https://energyresourcing.com/,,Renewable Energy
renewable energy executive recruiter,5,10,15,30,Germany,https://energyresourcing.com/,,Renewable Energy
renewable energy executive recruiter,5,10,15,30,Netherlands,https://energyresourcing.com/,,Renewable Energy
renewable energy executive recruiter,5,10,15,30,Singapore,https://energyresourcing.com/,,Renewable Energy
renewable energy executive recruiter,5,10,15,30,Sweden,https://energyresourcing.com/,,Renewable Energy
renewable energy executive recruiter,5,10,15,30,United Kingdom,https://energyresourcing.com/,,Renewable Energy
renewable energy executive recruiter,5,10,15,30,United States,https://energyresourcing.com/,,Renewable Energy
renewable energy executive search,5,10,15,30,Australia,https://energyresourcing.com/,40,Renewable Energy
renewable energy executive search,5,10,15,30,Canada,https://energyresourcing.com/,0–10,Renewable Energy
renewable energy executive search,5,10,15,30,Germany,,,Renewable Energy
renewable energy executive search,5,10,15,30,Netherlands,,0–10,Renewable Energy
renewable energy executive search,5,10,15,30,Singapore,https://energyresourcing.com/,,Renewable Energy
renewable energy executive search,5,10,15,30,Sweden,,,Renewable Energy
renewable energy executive search,5,10,15,30,United Kingdom,https://energyresourcing.com/,10,Renewable Energy
renewable energy executive search,5,10,15,30,United States,https://energyresourcing.com/,20,Renewable Energy
renewable energy headhunter,5,10,15,30,Australia,https://energyresourcing.com/,,Renewable Energy
renewable energy headhunter,5,10,15,30,Canada,https://energyresourcing.com/,0–10,Renewable Energy
renewable energy headhunter,5,10,15,30,Germany,https://energyresourcing.com/,,Renewable Energy
renewable energy headhunter,5,10,15,30,Netherlands,https://energyresourcing.com/,,Renewable Energy
renewable energy headhunter,5,10,15,30,Singapore,https://energyresourcing.com/,,Renewable Energy
renewable energy headhunter,5,10,15,30,Sweden,https://energyresourcing.com/,,Renewable Energy
renewable energy headhunter,5,10,15,30,United Kingdom,https://energyresourcing.com/,0–10,Renewable Energy
renewable energy headhunter,5,10,15,30,United States,https://energyresourcing.com/,20,Renewable Energy
renewable energy recruiter,5,10,15,30,Australia,https://energyresourcing.com/,0–10,Renewable Energy
renewable energy recruiter,5,10,15,30,Canada,https://energyresourcing.com/industry/renewable-energy,0–10,Renewable Energy
renewable energy recruiter,5,10,15,30,Germany,https://energyresourcing.com/industry/renewable-energy,0–10,Renewable Energy
renewable energy recruiter,5,10,15,30,Netherlands,https://energyresourcing.com/industry/renewable-energy,0–10,Renewable Energy
renewable energy recruiter,5,10,15,30,Singapore,https://energyresourcing.com/industry/renewable-energy,0–10,Renewable Energy
renewable energy recruiter,5,10,15,30,Sweden,https://energyresourcing.com/industry/renewable-energy,0–10,Renewable Energy
renewable energy recruiter,5,10,15,30,United Kingdom,,150,Renewable Energy
renewable energy recruiter,5,10,15,30,United States,https://energyresourcing.com/,150,Renewable Energy
renewable energy recruiting,5,10,15,30,Australia,https://energyresourcing.com/,0–10,Renewable Energy
renewable energy recruiting,5,10,15,30,Canada,https://energyresourcing.com/industry/renewable-energy,0–10,Renewable Energy
renewable energy recruiting,5,10,15,30,Germany,https://energyresourcing.com/industry/renewable-energy,0–10,Renewable Energy
renewable energy recruiting,5,10,15,30,Netherlands,https://energyresourcing.com/industry/renewable-energy,0–10,Renewable Energy
renewable energy recruiting,5,10,15,30,Singapore,https://energyresourcing.com/industry/renewable-energy,,Renewable Energy
renewable energy recruiting,5,10,15,30,Sweden,https://energyresourcing.com/industry/renewable-energy,,Renewable Energy
renewable energy recruiting,5,10,15,30,United Kingdom,https://energyresourcing.com/industry/renewable-energy,150,Renewable Energy
renewable energy recruiting,5,10,15,30,United States,https://energyresourcing.com/,150,Renewable Energy
renewable energy recruiting agency,5,10,15,30,Australia,https://energyresourcing.com/,,Renewable Energy
renewable energy recruiting agency,5,10,15,30,Canada,https://energyresourcing.com/,0–10,Renewable Energy
renewable energy recruiting agency,5,10,15,30,Germany,https://energyresourcing.com/,0–10,Renewable Energy
renewable energy recruiting agency,5,10,15,30,Netherlands,https://energyresourcing.com/,0–10,Renewable Energy
renewable energy recruiting agency,5,10,15,30,Singapore,https://energyresourcing.com/,,Renewable Energy
renewable energy recruiting agency,5,10,15,30,Sweden,https://energyresourcing.com/,,Renewable Energy
renewable energy recruiting agency,5,10,15,30,United Kingdom,https://energyresourcing.com/,,Renewable Energy
renewable energy recruiting agency,5,10,15,30,United States,https://energyresourcing.com/,10,Renewable Energy
renewable energy recruitment,5,10,15,30,Australia,https://energyresourcing.com/,20,Renewable Energy
renewable energy recruitment,5,10,15,30,Canada,https://energyresourcing.com/industry/renewable-energy,0–10,Renewable Energy
renewable energy recruitment,5,10,15,30,Germany,https://energyresourcing.com/industry/renewable-energy,10,Renewable Energy
renewable energy recruitment,5,10,15,30,Netherlands,https://energyresourcing.com/industry/renewable-energy,0–10,Renewable Energy
renewable energy recruitment,5,10,15,30,Singapore,https://energyresourcing.com/industry/renewable-energy,10,Renewable Energy
renewable energy recruitment,5,10,15,30,Sweden,https://energyresourcing.com/industry/renewable-energy,0–10,Renewable Energy
renewable energy recruitment,5,10,15,30,United Kingdom,https://energyresourcing.com/,90,Renewable Energy
renewable energy recruitment,5,10,15,30,United States,https://energyresourcing.com/,150,Renewable Energy
renewable energy recruitment agency,5,10,15,30,Australia,https://energyresourcing.com/,10,Renewable Energy
renewable energy recruitment agency,5,10,15,30,Canada,https://energyresourcing.com/,0–10,Renewable Energy
renewable energy recruitment agency,5,10,15,30,Germany,https://energyresourcing.com/,10,Renewable Energy
renewable energy recruitment agency,5,10,15,30,Netherlands,https://energyresourcing.com/,0–10,Renewable Energy
renewable energy recruitment agency,5,10,15,30,Singapore,https://energyresourcing.com/,0–10,Renewable Energy
renewable energy recruitment agency,5,10,15,30,Sweden,https://energyresourcing.com/,0–10,Renewable Energy
renewable energy recruitment agency,5,10,15,30,United Kingdom,https://energyresourcing.com/,70,Renewable Energy
renewable energy recruitment agency,5,10,15,30,United States,https://energyresourcing.com/,30,Renewable Energy
technology executive recruiter,5,10,15,30,Australia,,0–10,Technology
technology executive recruiter,5,10,15,30,Canada,,0–10,Technology
technology executive recruiter,5,10,15,30,Germany,,,Technology
technology executive recruiter,5,10,15,30,Netherlands,,,Technology
technology executive recruiter,5,10,15,30,Singapore,,,Technology
technology executive recruiter,5,10,15,30,Sweden,,,Technology
technology executive recruiter,5,10,15,30,United Kingdom,,0–10,Technology
technology executive recruiter,5,10,15,30,United States,,40,Technology
technology executive search,5,10,15,30,Australia,,10,Technology
technology executive search,5,10,15,30,Canada,,10,Technology
technology executive search,5,10,15,30,Germany,,10,Technology
technology executive search,5,10,15,30,Netherlands,,10,Technology
technology executive search,5,10,15,30,Singapore,,0–10,Technology
technology executive search,5,10,15,30,Sweden,,0–10,Technology
technology executive search,5,10,15,30,United Kingdom,,80,Technology
technology executive search,5,10,15,30,United States,,90,Technology
technology headhunter,5,10,15,30,Australia,,,Technology
technology headhunter,5,10,15,30,Canada,,0–10,Technology
technology headhunter,5,10,15,30,Germany,,0–10,Technology
technology headhunter,5,10,15,30,Netherlands,,0–10,Technology
technology headhunter,5,10,15,30,Singapore,,,Technology
technology headhunter,5,10,15,30,Sweden,,,Technology
technology headhunter,5,10,15,30,United Kingdom,,0–10,Technology
technology headhunter,5,10,15,30,United States,,50,Technology
technology recruiter,5,10,15,30,Australia,,100,Technology
technology recruiter,5,10,15,30,Canada,,350,Technology
technology recruiter,5,10,15,30,Germany,,50,Technology
technology recruiter,5,10,15,30,Netherlands,,0–10,Technology
technology recruiter,5,10,15,30,Singapore,,0–10,Technology
technology recruiter,5,10,15,30,Sweden,,0–10,Technology
technology recruiter,5,10,15,30,United Kingdom,,600,Technology
technology recruiter,5,10,15,30,United States,,250,Technology
technology recruiting,5,10,15,30,Australia,,100,Technology
technology recruiting,5,10,15,30,Canada,,0–10,Technology
technology recruiting,5,10,15,30,Germany,,0–10,Technology
technology recruiting,5,10,15,30,Netherlands,,30,Technology
technology recruiting,5,10,15,30,Singapore,,60,Technology
technology recruiting,5,10,15,30,Sweden,,0–10,Technology
technology recruiting,5,10,15,30,United Kingdom,,70,Technology
technology recruiting,5,10,15,30,United States,,200,Technology
technology recruiting agency,5,10,15,30,Australia,https://energyresourcing.com/blog/7-advantages-using-recruitment-agency,,Technology
technology recruiting agency,5,10,15,30,Canada,,0–10,Technology
technology recruiting agency,5,10,15,30,Germany,,0–10,Technology
technology recruiting agency,5,10,15,30,Netherlands,,,Technology
technology recruiting agency,5,10,15,30,Singapore,https://energyresourcing.com/blog/7-advantages-using-recruitment-agency,,Technology
technology recruiting agency,5,10,15,30,Sweden,,,Technology
technology recruiting agency,5,10,15,30,United Kingdom,https://energyresourcing.com/blog/7-advantages-using-recruitment-agency,,Technology
technology recruiting agency,5,10,15,30,United States,,50,Technology
technology recruitment,5,10,15,30,Australia,,100,Technology
technology recruitment,5,10,15,30,Canada,,350,Technology
technology recruitment,5,10,15,30,Germany,,50,Technology
technology recruitment,5,10,15,30,Netherlands,,30,Technology
technology recruitment,5,10,15,30,Singapore,,60,Technology
technology recruitment,5,10,15,30,Sweden,,10,Technology
technology recruitment,5,10,15,30,United Kingdom,,500,Technology
technology recruitment,5,10,15,30,United States,,400,Technology
technology recruitment agency,5,10,15,30,Australia,,20,Technology
technology recruitment agency,5,10,15,30,Canada,https://energyresourcing.com/blog/7-advantages-using-recruitment-agency,10,Technology
technology recruitment agency,5,10,15,30,Germany,,10,Technology
technology recruitment agency,5,10,15,30,Netherlands,,10,Technology
technology recruitment agency,5,10,15,30,Singapore,https://energyresourcing.com/blog/7-advantages-using-recruitment-agency,10,Technology
technology recruitment agency,5,10,15,30,Sweden,,0–10,Technology
technology recruitment agency,5,10,15,30,United Kingdom,,150,Technology
technology recruitment agency,5,10,15,30,United States,https://energyresourcing.com/blog/7-advantages-using-recruitment-agency,50,Technology
