Keyword	Country	Date	Link	Source
executive search toronto	CA	2023-03-06	https://penderhowe.com/toronto-executive-search/	SerpClix
fintech recruitment	US	2023-03-06	https://redfishtech.com/fintech-recruiting/	SerpClix
product management recruitment	US	2023-03-06	https://redfishtech.com/product-management-recruiting/	SerpClix
recruiting tools	RO	2023-03-05	https://talentheromedia.com/recruiting-software-tools/	SerpClix
vancouver recruiter	CA	2023-03-05	https://summitsearchgroup.com/location/vancouver-recruiters/	SerpClix
executive search toronto	CA	2023-03-05	https://penderhowe.com/toronto-executive-search/	SerpClix
product management recruitment	US	2023-03-05	https://redfishtech.com/product-management-recruiting/	SerpClix
executive search toronto	CA	2023-03-05	https://penderhowe.com/toronto-executive-search/	SerpClix
fintech recruitment	US	2023-03-05	https://redfishtech.com/fintech-recruiting/	SerpClix
recruiting tools	IT	2023-03-05	https://talentheromedia.com/recruiting-software-tools/	SerpClix
recruiting tools	IT	2023-03-04	https://talentheromedia.com/recruiting-software-tools/	SerpClix
vancouver recruiter	CA	2023-03-04	https://summitsearchgroup.com/location/vancouver-recruiters/	SerpClix
executive search toronto	CA	2023-03-04	https://penderhowe.com/toronto-executive-search/	SerpClix
executive search toronto	CA	2023-03-04	https://penderhowe.com/toronto-executive-search/	SerpClix
fintech recruitment	US	2023-03-04	https://redfishtech.com/fintech-recruiting/	SerpClix
executive search toronto	CA	2023-03-04	https://penderhowe.com/toronto-executive-search/	SerpClix
product management recruitment	US	2023-03-04	https://redfishtech.com/product-management-recruiting/	SerpClix
recruiting tools	IN	2023-03-04	https://talentheromedia.com/recruiting-software-tools/	SerpClix
vancouver recruiter	CA	2023-03-04	https://summitsearchgroup.com/location/vancouver-recruiters/	SerpClix
recruiting tools	VE	2023-03-03	https://talentheromedia.com/recruiting-software-tools/	SerpClix
executive search toronto	CA	2023-03-03	https://penderhowe.com/toronto-executive-search/	SerpClix
vancouver recruiter	CA	2023-03-03	https://summitsearchgroup.com/location/vancouver-recruiters/	SerpClix
product management recruitment	US	2023-03-03	https://redfishtech.com/product-management-recruiting/	SerpClix
fintech recruitment	US	2023-03-03	https://redfishtech.com/fintech-recruiting/	SerpClix
executive search toronto	CA	2023-03-03	https://penderhowe.com/toronto-executive-search/	SerpClix
vancouver recruiter	CA	2023-03-03	https://summitsearchgroup.com/location/vancouver-recruiters/	SerpClix
vancouver recruiter	CA	2023-03-02	https://summitsearchgroup.com/location/vancouver-recruiters/	SerpClix
product management recruitment	US	2023-03-02	https://redfishtech.com/product-management-recruiting/	SerpClix
recruiting tools	MA	2023-03-02	https://talentheromedia.com/recruiting-software-tools/	SerpClix
fintech recruitment	US	2023-03-02	https://redfishtech.com/fintech-recruiting/	SerpClix
executive search toronto	CA	2023-03-02	https://penderhowe.com/toronto-executive-search/	SerpClix
executive search toronto	CA	2023-03-02	https://penderhowe.com/toronto-executive-search/	SerpClix
recruiting tools	IN	2023-03-02	https://talentheromedia.com/recruiting-software-tools/	SerpClix
fintech recruitment	US	2023-03-02	https://redfishtech.com/fintech-recruiting/	SerpClix
product management recruitment	US	2023-03-02	https://redfishtech.com/product-management-recruiting/	SerpClix
recruiting tools	ZA	2023-03-01	https://talentheromedia.com/recruiting-software-tools/	SerpClix
vancouver recruiter	CA	2023-03-01	https://summitsearchgroup.com/location/vancouver-recruiters/	SerpClix
executive search toronto	CA	2023-03-01	https://penderhowe.com/toronto-executive-search/	SerpClix
executive search toronto	CA	2023-03-01	https://penderhowe.com/toronto-executive-search/	SerpClix
product management recruitment	US	2023-03-01	https://redfishtech.com/product-management-recruiting/	SerpClix
fintech recruitment	US	2023-03-01	https://redfishtech.com/fintech-recruiting/	SerpClix
vancouver recruiter	CA	2023-02-28	https://summitsearchgroup.com/location/vancouver-recruiters/	SerpClix
executive search toronto	CA	2023-02-28	https://penderhowe.com/toronto-executive-search/	SerpClix
executive search toronto	CA	2023-02-28	https://penderhowe.com/toronto-executive-search/	SerpClix
product management recruitment	US	2023-02-28	https://redfishtech.com/product-management-recruiting/	SerpClix
fintech recruitment	US	2023-02-28	https://redfishtech.com/fintech-recruiting/	SerpClix
executive search toronto	CA	2023-02-27	https://penderhowe.com/toronto-executive-search/	SerpClix
executive search toronto	CA	2023-02-27	https://penderhowe.com/toronto-executive-search/	SerpClix
executive search toronto	CA	2023-02-26	https://penderhowe.com/toronto-executive-search/	SerpClix
executive search toronto	CA	2023-02-26	https://penderhowe.com/toronto-executive-search/	SerpClix
executive search toronto	CA	2023-02-25	https://penderhowe.com/toronto-executive-search/	SerpClix
executive search toronto	CA	2023-02-25	https://penderhowe.com/toronto-executive-search/	SerpClix
executive search toronto	CA	2023-02-24	https://penderhowe.com/toronto-executive-search/	SerpClix
executive search toronto	CA	2023-02-24	https://penderhowe.com/toronto-executive-search/	SerpClix
executive search toronto	CA	2023-02-23	https://penderhowe.com/toronto-executive-search/	SerpClix
executive search toronto	CA	2023-02-23	https://penderhowe.com/toronto-executive-search/	SerpClix
executive search toronto	CA	2023-02-22	https://penderhowe.com/toronto-executive-search/	SerpClix
executive search toronto	CA	2023-02-22	https://penderhowe.com/toronto-executive-search/	SerpClix
executive search toronto	CA	2023-02-22	https://penderhowe.com/toronto-executive-search/	SerpClix
executive search toronto	CA	2023-02-21	https://penderhowe.com/toronto-executive-search/	SerpClix
executive search toronto	CA	2023-02-21	https://penderhowe.com/toronto-executive-search/	SerpClix
electronics recycling toronto	CA	2023-02-20	https://quantumlifecycle.com/en_CA/electronics-recycling-toronto/	SerpClix
executive search toronto	CA	2023-02-20	https://penderhowe.com/toronto-executive-search/	SerpClix
electronics recycling toronto	CA	2023-02-19	https://quantumlifecycle.com/en_CA/electronics-recycling-toronto/	SerpClix
electronics recycling toronto	CA	2023-02-18	https://quantumlifecycle.com/en_CA/electronics-recycling-toronto/	SerpClix
electronics recycling toronto	CA	2023-02-17	https://quantumlifecycle.com/en_CA/electronics-recycling-toronto/	SerpClix
electronics recycling toronto	CA	2023-02-16	https://quantumlifecycle.com/en_CA/electronics-recycling-toronto/	SerpClix
electronics recycling toronto	CA	2023-02-15	https://quantumlifecycle.com/en_CA/electronics-recycling-toronto/	SerpClix
electronics recycling toronto	CA	2023-02-14	https://quantumlifecycle.com/en_CA/electronics-recycling-toronto/	SerpClix
electronics recycling toronto	CA	2023-02-13	https://quantumlifecycle.com/en_CA/electronics-recycling-toronto/	SerpClix
electronics recycling toronto	CA	2023-02-12	https://quantumlifecycle.com/en_CA/electronics-recycling-toronto/	SerpClix
electronics recycling toronto	CA	2023-02-11	https://quantumlifecycle.com/en_CA/electronics-recycling-toronto/	SerpClix
electronics recycling toronto	CA	2023-02-10	https://quantumlifecycle.com/en_CA/electronics-recycling-toronto/	SerpClix
electronics recycling toronto	CA	2023-02-09	https://quantumlifecycle.com/en_CA/electronics-recycling-toronto/	SerpClix
electronics recycling toronto	CA	2023-02-08	https://quantumlifecycle.com/en_CA/electronics-recycling-toronto/	SerpClix
electronics recycling toronto	CA	2023-02-07	https://quantumlifecycle.com/en_CA/electronics-recycling-toronto/	SerpClix
electronics recycling toronto	CA	2023-02-06	https://quantumlifecycle.com/en_CA/electronics-recycling-toronto/	SerpClix
electronics recycling toronto	CA	2023-02-05	https://quantumlifecycle.com/en_CA/electronics-recycling-toronto/	SerpClix
electronics recycling toronto	CA	2023-02-04	https://quantumlifecycle.com/en_CA/electronics-recycling-toronto/	SerpClix
electronics recycling toronto	CA	2023-02-03	https://quantumlifecycle.com/en_CA/electronics-recycling-toronto/	SerpClix
electronics recycling toronto	CA	2023-02-02	https://quantumlifecycle.com/en_CA/electronics-recycling-toronto/	SerpClix
electronics recycling toronto	CA	2023-02-01	https://quantumlifecycle.com/en_CA/electronics-recycling-toronto/	SerpClix
electronics recycling toronto	CA	2023-01-31	https://quantumlifecycle.com/en_CA/electronics-recycling-toronto/	SerpClix
electronics recycling montreal	CA	2023-01-31	https://quantumlifecycle.com/en_CA/electronics-recycling-montreal/	SerpClix
executive search toronto	CA	2023-01-30	https://penderhowe.com/toronto-executive-search/	SerpClix
electronics recycling toronto	CA	2023-01-30	https://quantumlifecycle.com/en_CA/electronics-recycling-toronto/	SerpClix
electronics recycling montreal	CA	2023-01-30	https://quantumlifecycle.com/en_CA/electronics-recycling-montreal/	SerpClix
executive search toronto	CA	2023-01-30	https://penderhowe.com/toronto-executive-search/	SerpClix
executive search toronto	CA	2023-01-29	https://penderhowe.com/toronto-executive-search/	SerpClix
executive search toronto	CA	2023-01-29	https://penderhowe.com/toronto-executive-search/	SerpClix
electronics recycling toronto	CA	2023-01-29	https://quantumlifecycle.com/en_CA/electronics-recycling-toronto/	SerpClix
electronics recycling montreal	CA	2023-01-29	https://quantumlifecycle.com/en_CA/electronics-recycling-montreal/	SerpClix
executive search toronto	CA	2023-01-28	https://penderhowe.com/toronto-executive-search/	SerpClix
executive search toronto	CA	2023-01-28	https://penderhowe.com/toronto-executive-search/	SerpClix
electronics recycling toronto	CA	2023-01-28	https://quantumlifecycle.com/en_CA/electronics-recycling-toronto/	SerpClix
electronics recycling montreal	CA	2023-01-28	https://quantumlifecycle.com/en_CA/electronics-recycling-montreal/	SerpClix
electronics recycling montreal	CA	2023-01-27	https://quantumlifecycle.com/en_CA/electronics-recycling-montreal/	SerpClix
executive search toronto	CA	2023-01-27	https://penderhowe.com/toronto-executive-search/	SerpClix
electronics recycling toronto	CA	2023-01-27	https://quantumlifecycle.com/en_CA/electronics-recycling-toronto/	SerpClix
executive search toronto	CA	2023-01-27	https://penderhowe.com/toronto-executive-search/	SerpClix
electronics recycling toronto	CA	2023-01-26	https://quantumlifecycle.com/en_CA/electronics-recycling-toronto/	SerpClix
executive search toronto	CA	2023-01-26	https://penderhowe.com/toronto-executive-search/	SerpClix
electronics recycling montreal	CA	2023-01-26	https://quantumlifecycle.com/en_CA/electronics-recycling-montreal/	SerpClix
executive search toronto	CA	2023-01-26	https://penderhowe.com/toronto-executive-search/	SerpClix
electronics recycling toronto	CA	2023-01-26	https://quantumlifecycle.com/en_CA/electronics-recycling-toronto/	SerpClix
electronics recycling montreal	CA	2023-01-26	https://quantumlifecycle.com/en_CA/electronics-recycling-montreal/	SerpClix
executive search toronto	CA	2023-01-25	https://penderhowe.com/toronto-executive-search/	SerpClix
executive search toronto	CA	2023-01-25	https://penderhowe.com/toronto-executive-search/	SerpClix
electronics recycling toronto	CA	2023-01-25	https://quantumlifecycle.com/en_CA/electronics-recycling-toronto/	SerpClix
electronics recycling montreal	CA	2023-01-25	https://quantumlifecycle.com/en_CA/electronics-recycling-montreal/	SerpClix
executive search toronto	CA	2023-01-24	https://penderhowe.com/toronto-executive-search/	SerpClix
executive search toronto	CA	2023-01-24	https://penderhowe.com/toronto-executive-search/	SerpClix
executive search toronto	CA	2023-01-23	https://penderhowe.com/toronto-executive-search/	SerpClix
executive search toronto	CA	2023-01-23	https://penderhowe.com/toronto-executive-search/	SerpClix
executive search toronto	CA	2023-01-22	https://penderhowe.com/toronto-executive-search/	SerpClix
executive search toronto	CA	2023-01-22	https://penderhowe.com/toronto-executive-search/	SerpClix
executive search toronto	CA	2023-01-21	https://penderhowe.com/toronto-executive-search/	SerpClix
executive search toronto	CA	2023-01-21	https://penderhowe.com/toronto-executive-search/	SerpClix
executive search toronto	CA	2023-01-20	https://penderhowe.com/toronto-executive-search/	SerpClix
executive search toronto	CA	2023-01-20	https://penderhowe.com/toronto-executive-search/	SerpClix
executive search toronto	CA	2023-01-19	https://penderhowe.com/toronto-executive-search/	SerpClix
executive search toronto	CA	2023-01-19	https://penderhowe.com/toronto-executive-search/	SerpClix
executive search toronto	CA	2023-01-19	https://penderhowe.com/toronto-executive-search/	SerpClix
executive search toronto	CA	2023-01-18	https://penderhowe.com/toronto-executive-search/	SerpClix
executive search toronto	CA	2023-01-18	https://penderhowe.com/toronto-executive-search/	SerpClix
executive search toronto	CA	2023-01-17	https://penderhowe.com/toronto-executive-search/	SerpClix
executive search toronto	CA	2023-01-16	https://penderhowe.com/toronto-executive-search/	SerpClix
executive search toronto	CA	2023-01-16	https://penderhowe.com/toronto-executive-search/	SerpClix
executive search toronto	CA	2023-01-15	https://penderhowe.com/toronto-executive-search/	SerpClix
executive search toronto	CA	2023-01-15	https://penderhowe.com/toronto-executive-search/	SerpClix
executive search toronto	CA	2023-01-14	https://penderhowe.com/toronto-executive-search/	SerpClix
executive search toronto	CA	2023-01-14	https://penderhowe.com/toronto-executive-search/	SerpClix
executive search toronto	CA	2023-01-13	https://penderhowe.com/toronto-executive-search/	SerpClix
executive search toronto	CA	2023-01-13	https://penderhowe.com/toronto-executive-search/	SerpClix
executive search toronto	CA	2023-01-12	https://penderhowe.com/toronto-executive-search/	SerpClix
executive search toronto	CA	2023-01-12	https://penderhowe.com/toronto-executive-search/	SerpClix
executive search toronto	CA	2023-01-11	https://penderhowe.com/toronto-executive-search/	SerpClix
executive search toronto	CA	2023-01-11	https://penderhowe.com/toronto-executive-search/	SerpClix
executive search toronto	CA	2023-01-10	https://penderhowe.com/toronto-executive-search/	SerpClix
executive search toronto	CA	2023-01-10	https://penderhowe.com/toronto-executive-search/	SerpClix
executive search toronto	CA	2023-01-09	https://penderhowe.com/toronto-executive-search/	SerpClix
executive search toronto	CA	2023-01-09	https://penderhowe.com/toronto-executive-search/	SerpClix
executive search toronto	CA	2023-01-08	https://penderhowe.com/toronto-executive-search/	SerpClix
executive search toronto	CA	2023-01-08	https://penderhowe.com/toronto-executive-search/	SerpClix
executive search toronto	CA	2023-01-07	https://penderhowe.com/toronto-executive-search/	SerpClix
executive search toronto	CA	2023-01-07	https://penderhowe.com/toronto-executive-search/	SerpClix
executive search toronto	CA	2023-01-06	https://penderhowe.com/toronto-executive-search/	SerpClix
executive search toronto	CA	2023-01-06	https://penderhowe.com/toronto-executive-search/	SerpClix
executive search toronto	CA	2023-01-05	https://penderhowe.com/toronto-executive-search/	SerpClix
executive search toronto	CA	2023-01-05	https://penderhowe.com/toronto-executive-search/	SerpClix
executive search toronto	CA	2023-01-04	https://penderhowe.com/toronto-executive-search/	SerpClix
executive search toronto	CA	2023-01-04	https://penderhowe.com/toronto-executive-search/	SerpClix
executive search toronto	CA	2023-01-03	https://penderhowe.com/toronto-executive-search/	SerpClix
executive search toronto	CA	2023-01-03	https://penderhowe.com/toronto-executive-search/	SerpClix
