Client,Domain,Ahrefs Account,Country
Energy Resourcing,energyresourcing.com,energy@talentheromedia.com,"Australia, Canada, Germany, Netherlands, Singapore, Sweden, United Kingdom, United States"
Archipro,archipro.com,NA,United States
Vetted,getvettednow.com,NA,United States
180 Engineering,180engineering.com,zack@lucidwebgroup.com,United States
Bemana,bemana.us,zack@lucidwebgroup.com,United States
Bristol Associates,bristolassoc.com,zack@lucidwebgroup.com,United States
CalTek Staffing,caltekstaffing.com,zack@lucidwebgroup.com,United States
The Energists,energists.com,zack@lucidwebgroup.com,United States
Lock Search Group,locksearchgroup.com,zack@lucidwebgroup.com,Canada
Mangrum Career Solutions,mangrumcareersolutions.com,zack@lucidwebgroup.com,United States
Nexus IT Group,nexusitgroup.com,zack@lucidwebgroup.com,United States
Pender & Howe,penderhowe.com,zack@lucidwebgroup.com,"Canada, United States"
Quantum,quantumlifecycle.com,zack@lucidwebgroup.com,United States
Redfish,redfishtech.com,zack@lucidwebgroup.com,United States
Summit Search Group,summitsearchgroup.com,zack@lucidwebgroup.com,Canada
Surf Search,surfsearch.org,zack@lucidwebgroup.com,United States