Order ID,Timestamp,URL,Keyword,Clicker Country,Clicker IP
176947,2023-03-06 18:50:58+00:00,penderhowe.com/toronto-executive-search,executive search toronto,Canada,70.xxx.xxx.26
178622,2023-03-06 18:08:03+00:00,redfishtech.com/fintech-recruiting,fintech recruitment,United States,174.xxx.xxx.10
178624,2023-03-06 17:22:57+00:00,redfishtech.com/product-management-recruiting,product management recruitment,United States,174.xxx.xxx.37
178959,2023-03-06 05:27:44+00:00,talentheromedia.com,recruitment website design,United Kingdom,82.xxx.xxx.242
178960,2023-03-05 21:39:28+00:00,talentheromedia.com/recruiting-software-tools,recruiting tools,Romania,84.xxx.xxx.40
178959,2023-03-05 21:31:10+00:00,talentheromedia.com,recruitment website design,United Kingdom,31.xxx.xxx.105
178700,2023-03-05 20:31:29+00:00,summitsearchgroup.com/location/vancouver-recruiters,vancouver recruiter,Canada,172.xxx.xxx.17
179424,2023-03-05 19:33:34+00:00,penderhowe.com/toronto-executive-search,executive search toronto,Canada,76.xxx.xxx.189
178624,2023-03-05 18:02:23+00:00,redfishtech.com/product-management-recruiting,product management recruitment,United States,172.xxx.xxx.53
176947,2023-03-05 16:54:19+00:00,penderhowe.com/toronto-executive-search,executive search toronto,Canada,184.xxx.xxx.187
178622,2023-03-05 16:34:25+00:00,redfishtech.com/fintech-recruiting,fintech recruitment,United States,24.xxx.xxx.146
178960,2023-03-05 09:57:53+00:00,talentheromedia.com/recruiting-software-tools,recruiting tools,Italy,5.xxx.xxx.222
178960,2023-03-04 23:02:04+00:00,talentheromedia.com/recruiting-software-tools,recruiting tools,Italy,79.xxx.xxx.42
178959,2023-03-04 22:10:16+00:00,talentheromedia.com,recruitment website design,United Kingdom,2.xxx.xxx.145
178700,2023-03-04 20:31:25+00:00,summitsearchgroup.com/location/vancouver-recruiters,vancouver recruiter,Canada,66.xxx.xxx.203
179424,2023-03-04 19:42:57+00:00,penderhowe.com/toronto-executive-search,executive search toronto,Canada,216.xxx.xxx.59
176946,2023-03-04 19:07:10+00:00,penderhowe.com/toronto-executive-search,executive search toronto,Canada,174.xxx.xxx.40
178622,2023-03-04 18:17:41+00:00,redfishtech.com/fintech-recruiting,fintech recruitment,United States,146.xxx.xxx.80
176947,2023-03-04 16:35:45+00:00,penderhowe.com/toronto-executive-search,executive search toronto,Canada,24.xxx.xxx.252
178624,2023-03-04 16:35:07+00:00,redfishtech.com/product-management-recruiting,product management recruitment,United States,174.xxx.xxx.138
178960,2023-03-04 07:11:43+00:00,talentheromedia.com/recruiting-software-tools,recruiting tools,India,115.xxx.xxx.198
178959,2023-03-04 05:48:38+00:00,talentheromedia.com,recruitment website design,United Kingdom,104.xxx.xxx.250
178700,2023-03-04 05:00:30+00:00,summitsearchgroup.com/location/vancouver-recruiters,vancouver recruiter,Canada,162.xxx.xxx.246
178959,2023-03-03 21:37:18+00:00,talentheromedia.com,recruitment website design,United Kingdom,82.xxx.xxx.93
178960,2023-03-03 21:32:17+00:00,talentheromedia.com/recruiting-software-tools,recruiting tools,Venezuela,190.xxx.xxx.8
176946,2023-03-03 21:02:42+00:00,penderhowe.com/toronto-executive-search,executive search toronto,Canada,172.xxx.xxx.17
178700,2023-03-03 20:55:43+00:00,summitsearchgroup.com/location/vancouver-recruiters,vancouver recruiter,Canada,99.xxx.xxx.66
178624,2023-03-03 16:47:43+00:00,redfishtech.com/product-management-recruiting,product management recruitment,United States,174.xxx.xxx.37
178622,2023-03-03 16:41:16+00:00,redfishtech.com/fintech-recruiting,fintech recruitment,United States,73.xxx.xxx.70
176947,2023-03-03 16:31:57+00:00,penderhowe.com/toronto-executive-search,executive search toronto,Canada,172.xxx.xxx.17
178700,2023-03-03 11:19:14+00:00,summitsearchgroup.com/location/vancouver-recruiters,vancouver recruiter,Canada,167.xxx.xxx.193
178959,2023-03-03 03:04:40+00:00,talentheromedia.com,recruitment website design,United Kingdom,31.xxx.xxx.105
178700,2023-03-02 23:44:48+00:00,summitsearchgroup.com/location/vancouver-recruiters,vancouver recruiter,Canada,154.xxx.xxx.35
178624,2023-03-02 23:33:05+00:00,redfishtech.com/product-management-recruiting,product management recruitment,United States,108.xxx.xxx.51
178960,2023-03-02 23:25:30+00:00,talentheromedia.com/recruiting-software-tools,recruiting tools,Morocco,105.xxx.xxx.48
178622,2023-03-02 19:51:05+00:00,redfishtech.com/fintech-recruiting,fintech recruitment,United States,24.xxx.xxx.255
178959,2023-03-02 17:38:22+00:00,talentheromedia.com,recruitment website design,United Kingdom,188.xxx.xxx.204
176946,2023-03-02 16:33:58+00:00,penderhowe.com/toronto-executive-search,executive search toronto,Canada,167.xxx.xxx.193
176947,2023-03-02 16:32:57+00:00,penderhowe.com/toronto-executive-search,executive search toronto,Canada,207.xxx.xxx.42
178959,2023-03-02 08:10:45+00:00,talentheromedia.com,recruitment website design,United Kingdom,188.xxx.xxx.225
178960,2023-03-02 06:40:16+00:00,talentheromedia.com/recruiting-software-tools,recruiting tools,India,103.xxx.xxx.1
178622,2023-03-02 03:52:49+00:00,redfishtech.com/fintech-recruiting,fintech recruitment,United States,73.xxx.xxx.219
178624,2023-03-02 03:12:24+00:00,redfishtech.com/product-management-recruiting,product management recruitment,United States,98.xxx.xxx.242
178960,2023-03-01 21:13:40+00:00,talentheromedia.com/recruiting-software-tools,recruiting tools,South Africa,41.xxx.xxx.35
178959,2023-03-01 21:12:40+00:00,talentheromedia.com,recruitment website design,United Kingdom,51.xxx.xxx.113
178700,2023-03-01 20:43:26+00:00,summitsearchgroup.com/location/vancouver-recruiters,vancouver recruiter,Canada,99.xxx.xxx.23
176946,2023-03-01 18:14:35+00:00,penderhowe.com/toronto-executive-search,executive search toronto,Canada,99.xxx.xxx.198
176947,2023-03-01 16:42:09+00:00,penderhowe.com/toronto-executive-search,executive search toronto,Canada,142.xxx.xxx.24
178624,2023-03-01 11:21:45+00:00,redfishtech.com/product-management-recruiting,product management recruitment,United States,199.xxx.xxx.57
178622,2023-03-01 09:44:18+00:00,redfishtech.com/fintech-recruiting,fintech recruitment,United States,170.xxx.xxx.53
178700,2023-02-28 20:37:10+00:00,summitsearchgroup.com/location/vancouver-recruiters,vancouver recruiter,Canada,167.xxx.xxx.193
176947,2023-02-28 17:02:42+00:00,penderhowe.com/toronto-executive-search,executive search toronto,Canada,99.xxx.xxx.130
176946,2023-02-28 16:31:13+00:00,penderhowe.com/toronto-executive-search,executive search toronto,Canada,174.xxx.xxx.10
178624,2023-02-28 16:26:19+00:00,redfishtech.com/product-management-recruiting,product management recruitment,United States,174.xxx.xxx.10
178622,2023-02-28 16:23:38+00:00,redfishtech.com/fintech-recruiting,fintech recruitment,United States,50.xxx.xxx.161
176946,2023-02-27 16:47:11+00:00,penderhowe.com/toronto-executive-search,executive search toronto,Canada,99.xxx.xxx.135
176947,2023-02-27 16:47:06+00:00,penderhowe.com/toronto-executive-search,executive search toronto,Canada,104.xxx.xxx.19
176946,2023-02-26 18:01:55+00:00,penderhowe.com/toronto-executive-search,executive search toronto,Canada,198.xxx.xxx.53
171276,2023-02-26 17:22:34+00:00,surfsearch.org,biotech recruiters,United States,69.xxx.xxx.47
176947,2023-02-26 17:02:44+00:00,penderhowe.com/toronto-executive-search,executive search toronto,Canada,170.xxx.xxx.178
171276,2023-02-26 00:10:39+00:00,surfsearch.org,biotech recruiters,United States,47.xxx.xxx.187
176947,2023-02-25 18:07:39+00:00,penderhowe.com/toronto-executive-search,executive search toronto,Canada,76.xxx.xxx.39
176946,2023-02-25 16:39:39+00:00,penderhowe.com/toronto-executive-search,executive search toronto,Canada,104.xxx.xxx.161
171276,2023-02-25 16:15:17+00:00,surfsearch.org,biotech recruiters,United States,100.xxx.xxx.251
171276,2023-02-25 03:39:51+00:00,surfsearch.org,biotech recruiters,United States,72.xxx.xxx.100
176946,2023-02-24 16:34:37+00:00,penderhowe.com/toronto-executive-search,executive search toronto,Canada,207.xxx.xxx.102
176947,2023-02-24 16:31:46+00:00,penderhowe.com/toronto-executive-search,executive search toronto,Canada,172.xxx.xxx.17
171276,2023-02-24 15:39:07+00:00,surfsearch.org,biotech recruiters,United States,172.xxx.xxx.125
171276,2023-02-24 00:43:29+00:00,surfsearch.org,biotech recruiters,United States,73.xxx.xxx.135
176946,2023-02-23 18:14:13+00:00,penderhowe.com/toronto-executive-search,executive search toronto,Canada,99.xxx.xxx.130
176947,2023-02-23 16:35:44+00:00,penderhowe.com/toronto-executive-search,executive search toronto,Canada,99.xxx.xxx.39
176946,2023-02-22 21:58:54+00:00,penderhowe.com/toronto-executive-search,executive search toronto,Canada,99.xxx.xxx.31
176947,2023-02-22 18:02:34+00:00,penderhowe.com/toronto-executive-search,executive search toronto,Canada,174.xxx.xxx.175
171276,2023-02-22 17:43:46+00:00,surfsearch.org,biotech recruiters,United States,98.xxx.xxx.104
176946,2023-02-22 01:35:59+00:00,penderhowe.com/toronto-executive-search,executive search toronto,Canada,24.xxx.xxx.155
171276,2023-02-22 00:10:54+00:00,surfsearch.org,biotech recruiters,United States,69.xxx.xxx.95
176947,2023-02-21 17:00:55+00:00,penderhowe.com/toronto-executive-search,executive search toronto,Canada,38.xxx.xxx.98
171276,2023-02-21 15:36:31+00:00,surfsearch.org,biotech recruiters,United States,66.xxx.xxx.202
176946,2023-02-21 09:45:13+00:00,penderhowe.com/toronto-executive-search,executive search toronto,Canada,199.xxx.xxx.119
172150,2023-02-20 18:41:24+00:00,nexusitgroup.com,software development recruiters,United States,35.xxx.xxx.92
172152,2023-02-20 18:32:45+00:00,quantumlifecycle.com/en_CA/electronics-recycling-toronto,electronics recycling toronto,Canada,24.xxx.xxx.252
176946,2023-02-20 16:22:53+00:00,penderhowe.com/toronto-executive-search,executive search toronto,Canada,70.xxx.xxx.26
171276,2023-02-20 16:16:28+00:00,surfsearch.org,biotech recruiters,United States,73.xxx.xxx.77
171276,2023-02-19 23:48:48+00:00,surfsearch.org,biotech recruiters,United States,71.xxx.xxx.193
172152,2023-02-19 20:03:02+00:00,quantumlifecycle.com/en_CA/electronics-recycling-toronto,electronics recycling toronto,Canada,184.xxx.xxx.162
172150,2023-02-19 20:02:00+00:00,nexusitgroup.com,software development recruiters,United States,67.xxx.xxx.130
171276,2023-02-19 15:52:55+00:00,surfsearch.org,biotech recruiters,United States,172.xxx.xxx.63
171276,2023-02-19 01:38:11+00:00,surfsearch.org,biotech recruiters,United States,163.xxx.xxx.153
172152,2023-02-18 21:31:54+00:00,quantumlifecycle.com/en_CA/electronics-recycling-toronto,electronics recycling toronto,Canada,65.xxx.xxx.163
172150,2023-02-18 18:44:41+00:00,nexusitgroup.com,software development recruiters,United States,75.xxx.xxx.212
171276,2023-02-18 15:50:20+00:00,surfsearch.org,biotech recruiters,United States,73.xxx.xxx.115
171276,2023-02-17 23:35:05+00:00,surfsearch.org,biotech recruiters,United States,99.xxx.xxx.73
172150,2023-02-17 18:53:44+00:00,nexusitgroup.com,software development recruiters,United States,73.xxx.xxx.70
172152,2023-02-17 18:31:23+00:00,quantumlifecycle.com/en_CA/electronics-recycling-toronto,electronics recycling toronto,Canada,198.xxx.xxx.239
171276,2023-02-17 15:38:56+00:00,surfsearch.org,biotech recruiters,United States,73.xxx.xxx.253
171276,2023-02-17 00:23:14+00:00,surfsearch.org,biotech recruiters,United States,71.xxx.xxx.33
172152,2023-02-16 18:46:59+00:00,quantumlifecycle.com/en_CA/electronics-recycling-toronto,electronics recycling toronto,Canada,170.xxx.xxx.140
172150,2023-02-16 18:45:09+00:00,nexusitgroup.com,software development recruiters,United States,66.xxx.xxx.202
171276,2023-02-16 15:52:49+00:00,surfsearch.org,biotech recruiters,United States,174.xxx.xxx.4
172150,2023-02-15 18:53:28+00:00,nexusitgroup.com,software development recruiters,United States,166.xxx.xxx.37
172152,2023-02-15 18:32:29+00:00,quantumlifecycle.com/en_CA/electronics-recycling-toronto,electronics recycling toronto,Canada,198.xxx.xxx.239
171276,2023-02-15 16:12:30+00:00,surfsearch.org,biotech recruiters,United States,98.xxx.xxx.104
171280,2023-02-15 16:02:33+00:00,mangrumcareersolutions.com,manufacturing recruiter,United States,100.xxx.xxx.133
171276,2023-02-14 23:45:47+00:00,surfsearch.org,biotech recruiters,United States,172.xxx.xxx.255
172150,2023-02-14 18:53:12+00:00,nexusitgroup.com,software development recruiters,United States,73.xxx.xxx.178
172152,2023-02-14 18:43:41+00:00,quantumlifecycle.com/en_CA/electronics-recycling-toronto,electronics recycling toronto,Canada,99.xxx.xxx.82
171280,2023-02-14 17:20:18+00:00,mangrumcareersolutions.com,manufacturing recruiter,United States,108.xxx.xxx.58
171276,2023-02-14 15:49:39+00:00,surfsearch.org,biotech recruiters,United States,50.xxx.xxx.185
171276,2023-02-14 03:11:40+00:00,surfsearch.org,biotech recruiters,United States,98.xxx.xxx.253
172150,2023-02-13 20:20:21+00:00,nexusitgroup.com,software development recruiters,United States,75.xxx.xxx.161
172152,2023-02-13 18:31:21+00:00,quantumlifecycle.com/en_CA/electronics-recycling-toronto,electronics recycling toronto,Canada,198.xxx.xxx.239
171276,2023-02-13 16:14:52+00:00,surfsearch.org,biotech recruiters,United States,47.xxx.xxx.187
171280,2023-02-13 15:51:02+00:00,mangrumcareersolutions.com,manufacturing recruiter,United States,174.xxx.xxx.2
172150,2023-02-12 18:44:28+00:00,nexusitgroup.com,software development recruiters,United States,98.xxx.xxx.118
172152,2023-02-12 18:31:16+00:00,quantumlifecycle.com/en_CA/electronics-recycling-toronto,electronics recycling toronto,Canada,24.xxx.xxx.252
171276,2023-02-12 15:42:15+00:00,surfsearch.org,biotech recruiters,United States,74.xxx.xxx.30
171280,2023-02-12 15:41:35+00:00,mangrumcareersolutions.com,manufacturing recruiter,United States,172.xxx.xxx.136
172150,2023-02-11 23:02:11+00:00,nexusitgroup.com,software development recruiters,United States,98.xxx.xxx.104
171276,2023-02-11 18:40:55+00:00,surfsearch.org,biotech recruiters,United States,50.xxx.xxx.186
172152,2023-02-11 18:31:45+00:00,quantumlifecycle.com/en_CA/electronics-recycling-toronto,electronics recycling toronto,Canada,104.xxx.xxx.53
171280,2023-02-11 17:19:11+00:00,mangrumcareersolutions.com,manufacturing recruiter,United States,75.xxx.xxx.50
171276,2023-02-11 00:09:10+00:00,surfsearch.org,biotech recruiters,United States,50.xxx.xxx.179
172152,2023-02-10 19:05:49+00:00,quantumlifecycle.com/en_CA/electronics-recycling-toronto,electronics recycling toronto,Canada,142.xxx.xxx.200
171280,2023-02-10 18:42:59+00:00,mangrumcareersolutions.com,manufacturing recruiter,United States,104.xxx.xxx.84
172150,2023-02-10 18:32:29+00:00,nexusitgroup.com,software development recruiters,United States,199.xxx.xxx.57
171276,2023-02-10 15:42:54+00:00,surfsearch.org,biotech recruiters,United States,47.xxx.xxx.156
172152,2023-02-09 18:45:29+00:00,quantumlifecycle.com/en_CA/electronics-recycling-toronto,electronics recycling toronto,Canada,76.xxx.xxx.78
172150,2023-02-09 18:31:16+00:00,nexusitgroup.com,software development recruiters,United States,98.xxx.xxx.131
171276,2023-02-09 17:27:20+00:00,surfsearch.org,biotech recruiters,United States,99.xxx.xxx.123
171280,2023-02-09 15:48:56+00:00,mangrumcareersolutions.com,manufacturing recruiter,United States,67.xxx.xxx.229
171276,2023-02-09 01:41:46+00:00,surfsearch.org,biotech recruiters,United States,73.xxx.xxx.217
172150,2023-02-08 18:43:15+00:00,nexusitgroup.com,software development recruiters,United States,73.xxx.xxx.70
172152,2023-02-08 18:31:50+00:00,quantumlifecycle.com/en_CA/electronics-recycling-toronto,electronics recycling toronto,Canada,104.xxx.xxx.53
171276,2023-02-08 16:06:13+00:00,surfsearch.org,biotech recruiters,United States,67.xxx.xxx.8
171280,2023-02-08 15:42:21+00:00,mangrumcareersolutions.com,manufacturing recruiter,United States,66.xxx.xxx.202
172152,2023-02-07 21:34:31+00:00,quantumlifecycle.com/en_CA/electronics-recycling-toronto,electronics recycling toronto,Canada,216.xxx.xxx.135
172150,2023-02-07 20:07:21+00:00,nexusitgroup.com,software development recruiters,United States,98.xxx.xxx.118
171280,2023-02-07 17:14:28+00:00,mangrumcareersolutions.com,manufacturing recruiter,United States,47.xxx.xxx.106
171276,2023-02-07 15:43:21+00:00,surfsearch.org,biotech recruiters,United States,74.xxx.xxx.68
171280,2023-02-06 18:49:46+00:00,mangrumcareersolutions.com,manufacturing recruiter,United States,172.xxx.xxx.56
172150,2023-02-06 18:45:26+00:00,nexusitgroup.com,software development recruiters,United States,73.xxx.xxx.239
172152,2023-02-06 18:31:38+00:00,quantumlifecycle.com/en_CA/electronics-recycling-toronto,electronics recycling toronto,Canada,142.xxx.xxx.75
171276,2023-02-06 15:37:48+00:00,surfsearch.org,biotech recruiters,United States,100.xxx.xxx.25
172152,2023-02-05 18:52:47+00:00,quantumlifecycle.com/en_CA/electronics-recycling-toronto,electronics recycling toronto,Canada,216.xxx.xxx.135
172150,2023-02-05 18:35:24+00:00,nexusitgroup.com,software development recruiters,United States,100.xxx.xxx.43
171280,2023-02-05 17:53:45+00:00,mangrumcareersolutions.com,manufacturing recruiter,United States,73.xxx.xxx.170
171276,2023-02-05 15:39:32+00:00,surfsearch.org,biotech recruiters,United States,99.xxx.xxx.54
171280,2023-02-05 00:32:26+00:00,mangrumcareersolutions.com,manufacturing recruiter,United States,68.xxx.xxx.95
172150,2023-02-04 20:17:24+00:00,nexusitgroup.com,software development recruiters,United States,97.xxx.xxx.135
172152,2023-02-04 18:32:10+00:00,quantumlifecycle.com/en_CA/electronics-recycling-toronto,electronics recycling toronto,Canada,24.xxx.xxx.252
171276,2023-02-04 17:06:53+00:00,surfsearch.org,biotech recruiters,United States,73.xxx.xxx.174
171276,2023-02-04 04:28:09+00:00,surfsearch.org,biotech recruiters,United States,172.xxx.xxx.173
172150,2023-02-03 18:54:40+00:00,nexusitgroup.com,software development recruiters,United States,73.xxx.xxx.19
172152,2023-02-03 18:41:38+00:00,quantumlifecycle.com/en_CA/electronics-recycling-toronto,electronics recycling toronto,Canada,70.xxx.xxx.133
171276,2023-02-03 16:02:08+00:00,surfsearch.org,biotech recruiters,United States,129.xxx.xxx.228
171280,2023-02-03 15:50:57+00:00,mangrumcareersolutions.com,manufacturing recruiter,United States,108.xxx.xxx.58
171276,2023-02-03 02:10:00+00:00,surfsearch.org,biotech recruiters,United States,97.xxx.xxx.135
172150,2023-02-02 20:01:59+00:00,nexusitgroup.com,software development recruiters,United States,50.xxx.xxx.180
172152,2023-02-02 18:31:21+00:00,quantumlifecycle.com/en_CA/electronics-recycling-toronto,electronics recycling toronto,Canada,142.xxx.xxx.194
171276,2023-02-02 17:35:37+00:00,surfsearch.org,biotech recruiters,United States,174.xxx.xxx.206
171280,2023-02-02 16:12:00+00:00,mangrumcareersolutions.com,manufacturing recruiter,United States,38.xxx.xxx.146
172150,2023-02-01 18:41:36+00:00,nexusitgroup.com,software development recruiters,United States,98.xxx.xxx.193
172152,2023-02-01 18:31:32+00:00,quantumlifecycle.com/en_CA/electronics-recycling-toronto,electronics recycling toronto,Canada,142.xxx.xxx.75
171276,2023-02-01 17:05:41+00:00,surfsearch.org,biotech recruiters,United States,174.xxx.xxx.4
171280,2023-02-01 15:37:52+00:00,mangrumcareersolutions.com,manufacturing recruiter,United States,24.xxx.xxx.47
171276,2023-02-01 03:38:06+00:00,surfsearch.org,biotech recruiters,United States,47.xxx.xxx.147
172150,2023-01-31 23:06:54+00:00,nexusitgroup.com,software development recruiters,United States,97.xxx.xxx.102
172152,2023-01-31 20:01:27+00:00,quantumlifecycle.com/en_CA/electronics-recycling-toronto,electronics recycling toronto,Canada,38.xxx.xxx.98
172155,2023-01-31 19:05:32+00:00,quantumlifecycle.com/en_CA/electronics-recycling-montreal,electronics recycling montreal,Canada,24.xxx.xxx.109
171280,2023-01-31 17:06:34+00:00,mangrumcareersolutions.com,manufacturing recruiter,United States,198.xxx.xxx.123
171276,2023-01-31 15:48:42+00:00,surfsearch.org,biotech recruiters,United States,174.xxx.xxx.3
170848,2023-01-30 19:02:27+00:00,penderhowe.com/toronto-executive-search,executive search toronto,Canada,172.xxx.xxx.146
172150,2023-01-30 18:47:34+00:00,nexusitgroup.com,software development recruiters,United States,174.xxx.xxx.2
171280,2023-01-30 18:41:19+00:00,mangrumcareersolutions.com,manufacturing recruiter,United States,162.xxx.xxx.7
172152,2023-01-30 18:32:14+00:00,quantumlifecycle.com/en_CA/electronics-recycling-toronto,electronics recycling toronto,Canada,172.xxx.xxx.146
172155,2023-01-30 18:32:03+00:00,quantumlifecycle.com/en_CA/electronics-recycling-montreal,electronics recycling montreal,Canada,172.xxx.xxx.17
170847,2023-01-30 17:33:41+00:00,penderhowe.com/toronto-executive-search,executive search toronto,Canada,38.xxx.xxx.98
171276,2023-01-30 15:44:35+00:00,surfsearch.org,biotech recruiters,United States,23.xxx.xxx.167
172150,2023-01-29 20:08:54+00:00,nexusitgroup.com,software development recruiters,United States,172.xxx.xxx.38
170847,2023-01-29 19:44:25+00:00,penderhowe.com/toronto-executive-search,executive search toronto,Canada,142.xxx.xxx.24
170848,2023-01-29 19:03:05+00:00,penderhowe.com/toronto-executive-search,executive search toronto,Canada,172.xxx.xxx.17
172152,2023-01-29 18:59:35+00:00,quantumlifecycle.com/en_CA/electronics-recycling-toronto,electronics recycling toronto,Canada,70.xxx.xxx.133
172155,2023-01-29 18:45:37+00:00,quantumlifecycle.com/en_CA/electronics-recycling-montreal,electronics recycling montreal,Canada,170.xxx.xxx.193
171276,2023-01-29 15:49:55+00:00,surfsearch.org,biotech recruiters,United States,65.xxx.xxx.128
171280,2023-01-29 15:36:43+00:00,mangrumcareersolutions.com,manufacturing recruiter,United States,173.xxx.xxx.140
172150,2023-01-28 20:35:03+00:00,nexusitgroup.com,software development recruiters,United States,50.xxx.xxx.175
170848,2023-01-28 19:25:57+00:00,penderhowe.com/toronto-executive-search,executive search toronto,Canada,172.xxx.xxx.17
170847,2023-01-28 19:03:08+00:00,penderhowe.com/toronto-executive-search,executive search toronto,Canada,38.xxx.xxx.98
172152,2023-01-28 18:32:00+00:00,quantumlifecycle.com/en_CA/electronics-recycling-toronto,electronics recycling toronto,Canada,172.xxx.xxx.107
172155,2023-01-28 18:31:22+00:00,quantumlifecycle.com/en_CA/electronics-recycling-montreal,electronics recycling montreal,Canada,108.xxx.xxx.215
171276,2023-01-28 17:06:28+00:00,surfsearch.org,biotech recruiters,United States,23.xxx.xxx.79
171280,2023-01-28 15:52:11+00:00,mangrumcareersolutions.com,manufacturing recruiter,United States,73.xxx.xxx.229
172155,2023-01-27 20:17:31+00:00,quantumlifecycle.com/en_CA/electronics-recycling-montreal,electronics recycling montreal,Canada,170.xxx.xxx.140
170848,2023-01-27 19:06:17+00:00,penderhowe.com/toronto-executive-search,executive search toronto,Canada,24.xxx.xxx.222
172150,2023-01-27 18:53:56+00:00,nexusitgroup.com,software development recruiters,United States,73.xxx.xxx.191
172152,2023-01-27 18:31:13+00:00,quantumlifecycle.com/en_CA/electronics-recycling-toronto,electronics recycling toronto,Canada,142.xxx.xxx.143
170847,2023-01-27 18:22:03+00:00,penderhowe.com/toronto-executive-search,executive search toronto,Canada,142.xxx.xxx.44
171280,2023-01-27 17:46:35+00:00,mangrumcareersolutions.com,manufacturing recruiter,United States,172.xxx.xxx.177
171276,2023-01-27 15:45:17+00:00,surfsearch.org,biotech recruiters,United States,98.xxx.xxx.246
172152,2023-01-26 20:06:50+00:00,quantumlifecycle.com/en_CA/electronics-recycling-toronto,electronics recycling toronto,Canada,142.xxx.xxx.75
170847,2023-01-26 19:03:01+00:00,penderhowe.com/toronto-executive-search,executive search toronto,Canada,198.xxx.xxx.53
172150,2023-01-26 18:39:01+00:00,nexusitgroup.com,software development recruiters,United States,108.xxx.xxx.139
172155,2023-01-26 18:31:22+00:00,quantumlifecycle.com/en_CA/electronics-recycling-montreal,electronics recycling montreal,Canada,174.xxx.xxx.7
170848,2023-01-26 17:52:13+00:00,penderhowe.com/toronto-executive-search,executive search toronto,Canada,70.xxx.xxx.194
171276,2023-01-26 15:44:56+00:00,surfsearch.org,biotech recruiters,United States,104.xxx.xxx.211
171280,2023-01-26 15:37:34+00:00,mangrumcareersolutions.com,manufacturing recruiter,United States,24.xxx.xxx.16
172152,2023-01-26 02:45:24+00:00,quantumlifecycle.com/en_CA/electronics-recycling-toronto,electronics recycling toronto,Canada,97.xxx.xxx.228
172155,2023-01-26 02:22:46+00:00,quantumlifecycle.com/en_CA/electronics-recycling-montreal,electronics recycling montreal,Canada,70.xxx.xxx.133
172150,2023-01-25 18:38:19+00:00,nexusitgroup.com,software development recruiters,United States,50.xxx.xxx.185
170847,2023-01-25 17:32:26+00:00,penderhowe.com/toronto-executive-search,executive search toronto,Canada,99.xxx.xxx.148
170848,2023-01-25 17:31:23+00:00,penderhowe.com/toronto-executive-search,executive search toronto,Canada,142.xxx.xxx.194
171280,2023-01-25 17:16:44+00:00,mangrumcareersolutions.com,manufacturing recruiter,United States,174.xxx.xxx.189
171276,2023-01-25 15:48:37+00:00,surfsearch.org,biotech recruiters,United States,184.xxx.xxx.63
172152,2023-01-25 10:53:12+00:00,quantumlifecycle.com/en_CA/electronics-recycling-toronto,electronics recycling toronto,Canada,134.xxx.xxx.41
172155,2023-01-25 10:27:13+00:00,quantumlifecycle.com/en_CA/electronics-recycling-montreal,electronics recycling montreal,Canada,24.xxx.xxx.250
170847,2023-01-24 19:09:04+00:00,penderhowe.com/toronto-executive-search,executive search toronto,Canada,38.xxx.xxx.98
172150,2023-01-24 18:47:09+00:00,nexusitgroup.com,software development recruiters,United States,72.xxx.xxx.174
170848,2023-01-24 17:46:44+00:00,penderhowe.com/toronto-executive-search,executive search toronto,Canada,216.xxx.xxx.165
171276,2023-01-24 17:17:00+00:00,surfsearch.org,biotech recruiters,United States,73.xxx.xxx.137
171280,2023-01-24 17:03:00+00:00,mangrumcareersolutions.com,manufacturing recruiter,United States,67.xxx.xxx.134
171280,2023-01-23 20:16:35+00:00,mangrumcareersolutions.com,manufacturing recruiter,United States,64.xxx.xxx.128
170848,2023-01-23 19:48:58+00:00,penderhowe.com/toronto-executive-search,executive search toronto,Canada,142.xxx.xxx.6
170847,2023-01-23 17:59:40+00:00,penderhowe.com/toronto-executive-search,executive search toronto,Canada,99.xxx.xxx.198
171276,2023-01-23 17:11:26+00:00,surfsearch.org,biotech recruiters,United States,76.xxx.xxx.13
170847,2023-01-22 19:11:01+00:00,penderhowe.com/toronto-executive-search,executive search toronto,Canada,142.xxx.xxx.243
170848,2023-01-22 17:39:22+00:00,penderhowe.com/toronto-executive-search,executive search toronto,Canada,142.xxx.xxx.102
171280,2023-01-22 17:07:33+00:00,mangrumcareersolutions.com,manufacturing recruiter,United States,67.xxx.xxx.133
171276,2023-01-22 15:56:38+00:00,surfsearch.org,biotech recruiters,United States,216.xxx.xxx.129
171276,2023-01-21 23:35:41+00:00,surfsearch.org,biotech recruiters,United States,98.xxx.xxx.210
170847,2023-01-21 19:03:11+00:00,penderhowe.com/toronto-executive-search,executive search toronto,Canada,184.xxx.xxx.162
170848,2023-01-21 17:36:53+00:00,penderhowe.com/toronto-executive-search,executive search toronto,Canada,24.xxx.xxx.54
171276,2023-01-21 15:37:58+00:00,surfsearch.org,biotech recruiters,United States,108.xxx.xxx.58
171280,2023-01-21 15:36:20+00:00,mangrumcareersolutions.com,manufacturing recruiter,United States,73.xxx.xxx.101
171276,2023-01-21 01:59:56+00:00,surfsearch.org,biotech recruiters,United States,35.xxx.xxx.151
170847,2023-01-20 20:40:06+00:00,penderhowe.com/toronto-executive-search,executive search toronto,Canada,184.xxx.xxx.162
170848,2023-01-20 17:36:48+00:00,penderhowe.com/toronto-executive-search,executive search toronto,Canada,70.xxx.xxx.85
171280,2023-01-20 15:46:05+00:00,mangrumcareersolutions.com,manufacturing recruiter,United States,173.xxx.xxx.125
171276,2023-01-20 15:39:36+00:00,surfsearch.org,biotech recruiters,United States,68.xxx.xxx.205
171276,2023-01-19 23:14:50+00:00,surfsearch.org,biotech recruiters,United States,96.xxx.xxx.2
170847,2023-01-19 19:35:41+00:00,penderhowe.com/toronto-executive-search,executive search toronto,Canada,104.xxx.xxx.10
170848,2023-01-19 17:33:13+00:00,penderhowe.com/toronto-executive-search,executive search toronto,Canada,99.xxx.xxx.22
171280,2023-01-19 15:53:24+00:00,mangrumcareersolutions.com,manufacturing recruiter,United States,47.xxx.xxx.151
171276,2023-01-19 15:19:13+00:00,surfsearch.org,biotech recruiters,United States,73.xxx.xxx.216
170847,2023-01-19 01:11:17+00:00,penderhowe.com/toronto-executive-search,executive search toronto,Canada,24.xxx.xxx.155
170848,2023-01-18 17:34:06+00:00,penderhowe.com/toronto-executive-search,executive search toronto,Canada,70.xxx.xxx.133
170847,2023-01-18 09:19:52+00:00,penderhowe.com/toronto-executive-search,executive search toronto,Canada,24.xxx.xxx.222
170848,2023-01-17 17:45:36+00:00,penderhowe.com/toronto-executive-search,executive search toronto,Canada,172.xxx.xxx.51
168352,2023-01-16 19:25:30+00:00,penderhowe.com/toronto-executive-search,executive search toronto,Canada,174.xxx.xxx.10
168351,2023-01-16 17:33:41+00:00,penderhowe.com/toronto-executive-search,executive search toronto,Canada,24.xxx.xxx.92
168352,2023-01-15 20:37:13+00:00,penderhowe.com/toronto-executive-search,executive search toronto,Canada,45.xxx.xxx.198
168351,2023-01-15 17:45:44+00:00,penderhowe.com/toronto-executive-search,executive search toronto,Canada,45.xxx.xxx.198
168352,2023-01-14 19:03:21+00:00,penderhowe.com/toronto-executive-search,executive search toronto,Canada,24.xxx.xxx.109
168351,2023-01-14 19:01:46+00:00,penderhowe.com/toronto-executive-search,executive search toronto,Canada,184.xxx.xxx.148
168352,2023-01-13 22:03:46+00:00,penderhowe.com/toronto-executive-search,executive search toronto,Canada,172.xxx.xxx.146
168351,2023-01-13 17:31:58+00:00,penderhowe.com/toronto-executive-search,executive search toronto,Canada,142.xxx.xxx.143
168351,2023-01-12 17:39:01+00:00,penderhowe.com/toronto-executive-search,executive search toronto,Canada,99.xxx.xxx.76
168352,2023-01-12 17:32:26+00:00,penderhowe.com/toronto-executive-search,executive search toronto,Canada,154.xxx.xxx.35
168352,2023-01-11 22:27:32+00:00,penderhowe.com/toronto-executive-search,executive search toronto,Canada,72.xxx.xxx.102
168351,2023-01-11 17:31:28+00:00,penderhowe.com/toronto-executive-search,executive search toronto,Canada,198.xxx.xxx.124
168352,2023-01-10 17:32:25+00:00,penderhowe.com/toronto-executive-search,executive search toronto,Canada,205.xxx.xxx.7
168351,2023-01-10 17:32:22+00:00,penderhowe.com/toronto-executive-search,executive search toronto,Canada,207.xxx.xxx.82
168351,2023-01-09 19:18:55+00:00,penderhowe.com/toronto-executive-search,executive search toronto,Canada,45.xxx.xxx.146
168352,2023-01-09 17:40:44+00:00,penderhowe.com/toronto-executive-search,executive search toronto,Canada,142.xxx.xxx.29
168351,2023-01-08 18:15:18+00:00,penderhowe.com/toronto-executive-search,executive search toronto,Canada,24.xxx.xxx.52
168352,2023-01-08 17:32:49+00:00,penderhowe.com/toronto-executive-search,executive search toronto,Canada,45.xxx.xxx.146
168351,2023-01-07 17:55:43+00:00,penderhowe.com/toronto-executive-search,executive search toronto,Canada,170.xxx.xxx.193
168352,2023-01-07 17:35:21+00:00,penderhowe.com/toronto-executive-search,executive search toronto,Canada,154.xxx.xxx.35
168352,2023-01-06 19:08:03+00:00,penderhowe.com/toronto-executive-search,executive search toronto,Canada,184.xxx.xxx.148
168351,2023-01-06 17:35:58+00:00,penderhowe.com/toronto-executive-search,executive search toronto,Canada,142.xxx.xxx.72
168352,2023-01-05 17:56:27+00:00,penderhowe.com/toronto-executive-search,executive search toronto,Canada,174.xxx.xxx.7
168351,2023-01-05 17:39:21+00:00,penderhowe.com/toronto-executive-search,executive search toronto,Canada,97.xxx.xxx.226
168351,2023-01-04 20:59:03+00:00,penderhowe.com/toronto-executive-search,executive search toronto,Canada,99.xxx.xxx.76
168352,2023-01-04 17:31:57+00:00,penderhowe.com/toronto-executive-search,executive search toronto,Canada,24.xxx.xxx.96
168351,2023-01-03 17:44:53+00:00,penderhowe.com/toronto-executive-search,executive search toronto,Canada,99.xxx.xxx.74
168352,2023-01-03 17:30:24+00:00,penderhowe.com/toronto-executive-search,executive search toronto,Canada,174.xxx.xxx.243